Modelo,Parte,PartSkuCode
BI42UFDO,REF Compressor,7026787
BI42UFDO,REF Compressor,7026787
BI48SO,REF Compressor,7026787
SHS863WD5N,Wheel,10004364
SHP878ZP5N,Wheel,10004364
SHP878ZP5N,Wheel,10004364
SHP878ZP5N,Wheel,10004364
SHP878ZP5N,Wheel,10004364
SHS863WD5N,Wheel,10004364
SHS863WD5N,Wheel,10004364
SHS863WD5N,Wheel,10004364
SHS863WD5N,Wheel,10004364
BI48SO,"Brkt Assy,Ice Bin Carrier SVCE",7011196
SHP865ZP5N,Rail-Pull Out,12014547
SHP878ZP5N,Rail-Pull Out,12014547
SHP878ZP5N,Rail-Pull Out,12014547
SHP878ZP5N,Hinge,11002762
SHP865ZP5N,Hinge,11002762
SHP865ZP5N,Hinge,11002762
SHP865ZP5N,Hinge,11002763
SHP865ZP5N,Hinge,11002763
SHP878ZP5N,Hinge,11002763
SHP878ZP5N,Handle,12012913
SHP878ZP5N,Handle,12012913
SHP878ZP5N,Handle,12012913
SHP878ZP5N,Handle,12012913
SHP878ZP5N,Handle,12012913
SHP865ZP5N,Handle,12012913
SHP865ZP5N,Handle,12012913
SHP878ZP5N,Handle,12012913
SHP865ZP5N,Installation Kit,11023835
SHS863WD5N,Installation Kit,11023835
SHP865ZP5N,Installation Kit,11023835
SHP878ZP5N,Installation Kit,11023835
BI42UFDO,"Valve water",7019463
BI48SO,Duct Assy,7024158
BI42UFDO,Fan blade White,7011058
BI36UORH,"Valve water single",7014452
BI48SO,"Valve water single",7014452
BI36UORH,"Valve water single",7014452
BI36UORH,"Gasket drawer",7023315
BI36UORH,"Gasket drawer",7023315
BI36UORH,"Gasket drawer",7023315
BI36UORH,"Gasket drawer",7023315
BI36UORH,"Gasket drawer",7023315
BI36UORH,"Gasket drawer",7023315
BI36UORH,"Gasket drawer",7023315
BI36UORH,"Gasket drawer",7023315
BI36UORH,"Gasket drawer",7023315
BI36UORH,"Gasket drawer",7023315
BI36UORH,"Gasket drawer",7023315
BI36UORH,"Gasket drawer",7023315
BI36UORH,"Gasket drawer",7023315
BI36UORH,"Gasket drawer",7023315
BI36UORH,"Gasket drawer",7023315
BI36UORH,"Gasket drawer",7023315
BI48SO,"Icemaker Assy,svce",7002740
BI48SO,"Icemaker Assy,svce",7002740
BI48SO,"Icemaker Assy,svce",7002740
BI48SO,"Icemaker Assy,svce",7002740
BI48SO,"Icemaker Assy,svce",7002740
BI48SO,"Icemaker Assy,svce",7002740
BI48SO,"Icemaker Assy,svce",7002740
BI48SO,"Icemaker Assy,svce",7002740
BI42UFDO,Capacitor,7005578
BI36UORH,Capacitor,7005578
BI36UORH,Filter Dryer,7006964
BI42UFDO,Filter Dryer,7006964
BI42UFDO,Filter Dryer,7006964
BI42UFDO,Filter Dryer,7006964
BI36UORH,Filter Dryer,7006964
BI36UORH,"Lamp Blue Glass",7006999
BI36UORH,"Lamp Blue Glass",7006999
BI36UORH,"Lamp Blue Glass",7006999
BI36UORH,"Lamp Blue Glass",7006999
BI36UORH,"Lamp Blue Glass",7006999
BI36UORH,"Lamp Blue Glass",7006999
BI36UORH,"Lamp Blue Glass",7006999
BI36UORH,"Lamp Blue Glass",7006999
BI36UORH,"Lamp Blue Glass",7006999
BI36UORH,"Lamp Blue Glass",7006999
BI36UORH,"Lamp Blue Glass",7006999
BI36UORH,"Lamp Blue Glass",7006999
BI48SO,"Lamp Blue Glass",7006999
BI48SO,"Lamp Blue Glass",7006999
BI48SO,"Lamp Blue Glass",7006999
BI48SO,"Lamp Blue Glass",7006999
BI48SO,"Lamp Blue Glass",7006999
BI42UFDO,"Lamp Blue Glass",7006999
BI36UORH,"Lamp Blue Glass",7006999
BI36UORH,"Lamp Blue Glass",7006999
BI36UORH,"Lamp Blue Glass",7006999
BI36UORH,"Lamp Blue Glass",7006999
BI36UORH,"Lamp Blue Glass",7006999
BI42UFDO,Air Purifier Pocket Assy,7007022
BI36UORH,Air Purifier Pocket Assy,7007022
BI36UORH,Switch Assy,7007259
BI36UORH,Kickplate,7007709
BI36UORH,Kickplate,7007709
BI36UORH,Kickplate,7007709
BI48SO,Water Valve,7007865
BI36UORH,Bracket-anti Tip,7009311
BI36UORH,Bracket-anti Tip,7009311
BI42UFDO,Fan Assy,7009378
BI42UFDO,Fan Assy,7009378
BI36UORH,Fan Assy,7009378
BI42UFDO,Fan Assy,7009378
BI42UFDO,"Slide Assy,fre Basket Rh Svce",7009391
BI36UORH,Retainers Lwr Fre Basket (qty 4),7009399
BI36UORH,Retainers Lwr Fre Basket (qty 4),7009399
BI42UFDO,Retainers Lwr Fre Basket (qty 4),7009399
BI36UORH,Retainers Lwr Fre Basket (qty 4),7009399
BI36UORH,Retainers Lwr Fre Basket (qty 4),7009399
BI36UORH,Retainers Lwr Fre Basket (qty 4),7009399
BI36UORH,Retainers Lwr Fre Basket (qty 4),7009399
BI36UORH,Retainers Lwr Fre Basket (qty 4),7009399
BI36UORH,Retainers Lwr Fre Basket (qty 4),7009399
BI36UORH,Retainers Lwr Fre Basket (qty 4),7009399
BI36UORH,Retainers Lwr Fre Basket (qty 4),7009399
BI36UORH,Retainers Lwr Fre Basket (qty 4),7009399
BI36UORH,Retainers Lwr Fre Basket (qty 4),7009399
BI36UORH,Retainers Lwr Fre Basket (qty 4),7009399
BI36UORH,Retainers Lwr Fre Basket (qty 4),7009399
BI36UORH,Retainers Lwr Fre Basket (qty 4),7009399
BI36UORH,Retainers Lwr Fre Basket (qty 4),7009399
BI36UORH,Retainers Lwr Fre Basket (qty 4),7009399
BI36UORH,Retainers Lwr Fre Basket (qty 4),7009399
BI36UORH,Retainers Lwr Fre Basket (qty 4),7009399
BI36UORH,Retainers Lwr Fre Basket (qty 4),7009399
BI36UORH,Left Support Assy,7009400
BI36UORH,Arm Icemaker,7009436
BI36UORH,Arm Icemaker,7009436
BI42UFDO,Arm Icemaker,7009436
BI42UFDO,Arm Icemaker,7009436
BI36UORH,"Icemaker,assy Svce",7009437
BI42UFDO,"Icemaker,assy Svce",7009437
BI42UFDO,"Icemaker,assy Svce",7009437
BI42UFDO,"Icemaker,assy Svce",7009437
BI42UFDO,"Icemaker,assy Svce",7009437
BI42UFDO,"Icemaker,assy Svce",7009437
BI42UFDO,"Icemaker,assy Svce",7009437
BI42UFDO,"Icemaker,assy Svce",7009437
BI36UORH,"Icemaker,assy Svce",7009437
BI36UORH,"Icemaker,assy Svce",7009437
BI42UFDO,"Icemaker,assy Svce",7009437
BI48SO,"Compressor Assy Freezer",7009446
BI36UORH,"Compressor Assy Freezer",7009446
BI48SO,"Compressor Assy Freezer",7009446
BI36UORH,"Compressor Assy Freezer",7009446
BI48SO,Panel Control,7009859
BI48SO,Panel Control,7009859
BI48SO,Panel Control,7009859
BI48SO,Panel Control,7009859
BI42UFDO,Panel,7009861
BI36UORH,Panel,7009861
BI36UORH,Panel,7009861
BI36UORH,Panel,7009861
BI36UORH,Panel,7009861
BI36UORH,Panel,7009861
BI36UORH,Panel,7009861
BI36UORH,Panel,7009861
BI36UORH,Panel,7009861
BI36UORH,Panel,7009861
BI42UFDO,Panel,7009861
BI36UORH,"Hinge Assy,top Rh Svce",7010285
BI36UORH,"Hinge Assy,top Rh Svce",7010285
BI48SO,Shelf,7010437
BI36UORH,Fan Assy,7010508
BI36UORH,Fan Assy,7010508
BI42UFDO,"Kickplate Solid Black",7011038
BI42UFDO,"Kickplate Solid Black",7011038
BI48SO,Electricals,7011254
BI36UORH,Electricals,7011254
BI48SO,Electricals,7011254
BI36UORH,Electricals,7011254
BI36UORH,Light Switch,7014646
BI42UFDO,Light Switch,7014646
BI36UORH,Light Switch,7014646
BI36UORH,Light Switch,7014646
BI42UFDO,Light Switch,7014646
BI36UORH,Light Switch,7014646
BI36UORH,"Pkg,filter Rplmnt,scve",7021761
BI36UORH,Gasket,7023316
BI36UORH,Gasket,7023316
BI36UORH,Gasket,7023316
BI36UORH,Light Bulb,8009
BI36UORH,Light Bulb,8009
SHS863WD5N,Panel Facia,775770
SHS863WD5N,Panel Facia,775770
SHS863WD5N,Panel Facia,775770
SHS863WD5N,Panel Facia,775770
SHS863WD5N,Panel Facia,775770
SHS863WD5N,Panel Facia,775770
SHS863WD5N,Panel Facia,775770
SHS863WD5N,Panel Facia,775770
SHP878ZP5N,Cutlery Basket,675794
SHS863WD5N,Power Module,12016882
SHS863WD5N,Power Module,12016882
SHS863WD5N,Power Module,12016882
SHS863WD5N,Power Module,12016882
SHS863WD5N,Power Module,12016882
SHS863WD5N,Power Module,12016882
SHS863WD5N,Power Module,12016882
SHS863WD5N,Door Freezer,717080
SHS863WD5N,Door Freezer,718421
GFW850SSNWW,Motor,WH03X29524
GFW650SSNWW,Motor,WH03X29524
GFW650SSNWW,Motor,WH03X29524
GFW650SSNWW,Motor,WH03X29524
GFW850SPNRS,Motor,WH03X29524
GFW850SPNRS,Motor,WH03X29524
GFW850SSNWW,Motor,WH03X29524
GFW650SSNWW,Motor,WH03X29524
GFW850SSNWW,Motor,WH03X29524
GFW850SPNRS,Motor,WH03X29524
GFW850SPNRS,Motor,WH03X29524
GFW650SSNWW,Motor,WH03X29524
GFW650SSNWW,Motor,WH03X29524
GFW850SSNWW,Motor,WH03X29524
GFW850SPNRS,Motor,WH03X29524
GFW650SSNWW,Motor,WH03X29524
GFW650SSNWW,Motor,WH03X29524
GFW650SSNWW,Motor,WH03X29524
GFW850SPNRS,Motor,WH03X29524
GFW850SPNRS,Motor,WH03X29524
GFW850SPNRS,Motor,WH03X29524
GFW850SPNRS,Motor,WH03X29524
GFW850SSNWW,Motor,WH03X29524
GFW850SPNRS,Motor,WH03X29524
GFW650SSNWW,Motor,WH03X29524
GFW650SSNWW,Motor,WH03X29524
GFW650SSNWW,Motor,WH03X29524
GFW850SSNWW,Motor,WH03X29524
GFW850SSNWW,Motor,WH03X29524
GFW850SPNRS,Motor,WH03X29524
GFW650SSNWW,Motor,WH03X29524
GFW650SSNWW,Motor,WH03X29524
GFW650SSNWW,Motor,WH03X29524
GFW650SSNWW,Motor,WH03X29524
GFW850SPNRS,Motor,WH03X29524
GFW850SSNWW,Motor,WH03X29524
GFW650SSNWW,Motor,WH03X29524
GFW650SSNWW,Motor,WH03X29524
GFW850SSNWW,Motor,WH03X29524
GFW650SSNWW,Motor,WH03X29524
GFW650SSNWW,Motor,WH03X29524
GFW850SSNWW,Motor,WH03X29524
GFW650SSNWW,Motor,WH03X29524
GFW850SSNWW,Motor,WH03X29524
GFW850SPNRS,Motor,WH03X29524
GFW850SSNWW,Motor,WH03X29524
GFW650SSNWW,Motor,WH03X29524
GFW850SSNWW,Motor,WH03X29524
GFW650SSNWW,Motor,WH03X29524
GFW850SSNWW,Motor,WH03X29524
GFW850SPNRS,Motor,WH03X29524
GFW650SSNWW,Motor,WH03X29524
GFW650SSNWW,Motor,WH03X29524
GFW650SSNWW,Motor,WH03X29524
GFW850SSNWW,Motor,WH03X29524
GFW850SPNRS,Motor,WH03X29524
GFW850SPNRS,Motor,WH03X29524
GFW650SSNWW,Motor,WH03X29524
GFW650SSNWW,Motor,WH03X29524
GFW650SSNWW,Motor,WH03X29524
GFW650SSNWW,Motor,WH03X29524
SHS863WD5N,Crockery Basket,20000533
SHP878ZP5N,Crockery Basket,20000533
SHP878ZP5N,Crockery Basket,20000533
SHS863WD5N,Crockery Basket,20000533
SHP878ZP5N,Crockery Basket,20000533
SHP878ZP5N,Crockery Basket,20000533
SHP878ZP5N,Crockery Basket,20000533
SHP878ZP5N,Crockery Basket,20000533
SHP878ZP5N,Crockery Basket,20000533
SHP878ZP5N,Crockery Basket,20000533
SHP878ZP5N,Container,11028084
SHP878ZP5N,Container,11028084
SHP878ZP5N,Container,11028084
SHP878ZP5N,Container,11028084
SHP878ZP5N,Container,11028084
SHP878ZP5N,Container,11028084
SHP878ZP5N,Container,11028084
SHP878ZP5N,Container,11028084
SHP878ZP5N,Container,11028084
SHP878ZP5N,Container,11028084
SHP878ZP5N,Fan,12009748
SHP878ZP5N,Fan,12009748
SHP878ZP5N,Fan,12009748
SHP878ZP5N,Fan,12009748
SHP878ZP5N,Fan,12009748
SHP878ZP5N,Fan,12009748
SHP878ZP5N,Holder,10002071
SHP865ZP5N,Holder,10002071
SHP878ZP5N,Holder,10002071
SHP865ZP5N,Holder,10002071
SHP865ZP5N,Holder,10002071
SHP865ZP5N,Holder,10002071
SHP865ZP5N,Holder,10002071
SHP878ZP5N,Holder,10002071
GFW650SSNWW,Door Lock,WH01X29528
GFW850SPNRS,Door Lock,WH01X29528
GFW650SSNWW,Door Lock,WH01X29528
GFW850SSNWW,Door Lock,WH01X29528
GFW850SSNWW,Door Lock,WH01X29528
GFW650SSNWW,Door Lock,WH01X29528
GFW850SPNRS,Door Lock,WH01X29528
GFW650SSNWW,Door Lock,WH01X29528
GFW650SSNWW,Door Lock,WH01X29528
GFW650SSNWW,Door Lock,WH01X29528
GFW650SSNWW,Door Lock,WH01X29528
GFW650SSNWW,Door Lock,WH01X29528
GFW650SSNWW,Door Lock,WH01X29528
GFW650SSNWW,Door Lock,WH01X29528
GFW650SSNWW,Door Lock,WH01X29528
GFW650SSNWW,Door Lock,WH01X29528
GFW850SSNWW,Door Lock,WH01X29528
GFW650SSNWW,Door Lock,WH01X29528
GFW850SSNWW,Door Lock,WH01X29528
GFW850SPNRS,Door Lock,WH01X29528
GFW850SSNWW,Door Lock,WH01X29528
GFW650SSNWW,Door Lock,WH01X29528
GFW850SSNWW,Door Lock,WH01X29528
GFW850SSNWW,Door Lock,WH01X29528
GFW650SSNWW,Door Lock,WH01X29528
GFW650SSNWW,Door Lock,WH01X29528
GFW850SSNWW,Door Lock,WH01X29528
GFW850SPNRS,Door Lock,WH01X29528
GFW850SSNWW,Door Lock,WH01X29528
GFW850SSNWW,Door Lock,WH01X29528
GFW650SSNWW,Door Lock,WH01X29528
GFW850SPNRS,Door Lock,WH01X29528
GFW650SSNWW,Door Lock,WH01X29528
GFW850SSNWW,Door Lock,WH01X29528
GFW650SSNWW,Door Lock,WH01X29528
GFW850SPNRS,Door Lock,WH01X29528
GFW850SPNRS,Door Lock,WH01X29528
GFW850SPNRS,Door Lock,WH01X29528
GFW850SPNRS,Door Lock,WH01X29528
GFW850SPNRS,Door Lock,WH01X29528
GFW850SPNRS,Door Lock,WH01X29528
GFW650SSNWW,Door Lock,WH01X29528
GFW850SPNRS,Door Lock,WH01X29528
GFW850SPNRS,Door Lock,WH01X29528
GFW850SPNRS,Door Lock,WH01X29528
GFW850SSNWW,Door Lock,WH01X29528
GFW850SPNRS,Door Lock,WH01X29528
GFW650SSNWW,Door Lock,WH01X29528
GFW650SSNWW,Door Lock,WH01X29528
GFW650SSNWW,Door Lock,WH01X29528
GFW650SSNWW,Door Lock,WH01X29528
GFW650SSNWW,Door Lock,WH01X29528
GFW650SSNWW,Door Lock,WH01X29528
GFW850SSNWW,Water Valve,WH23X29553
GFW850SSNWW,Water Valve,WH23X29553
GFW650SSNWW,Water Valve,WH23X29553
GFW850SSNWW,Water Valve,WH23X29553
GFW650SSNWW,Water Valve,WH23X29553
GFW850SSNWW,Water Valve,WH23X29553
GFW850SSNWW,Water Valve,WH23X29553
GFW650SSNWW,Water Valve,WH23X29553
GFW650SSNWW,Water Valve,WH23X29553
GFW650SSNWW,Water Valve,WH23X29553
GFW850SSNWW,Water Valve,WH23X29553
GFW650SSNWW,Water Valve,WH23X29553
GFW650SSNWW,Water Valve,WH23X29553
GFW650SSNWW,Water Valve,WH23X29553
GFW850SSNWW,Water Valve,WH23X29553
GFW850SSNWW,Water Valve,WH23X29553
GFW850SPNRS,Water Valve,WH23X29553
GFW850SSNWW,Water Valve,WH23X29553
GFW650SSNWW,Water Valve,WH23X29553
GFW850SSNWW,Water Valve,WH23X29553
GFW650SSNWW,Water Valve,WH23X29553
GFW850SSNWW,Water Valve,WH23X29553
GFW850SPNRS,Water Valve,WH23X29553
GFW850SSNWW,Water Valve,WH23X29553
GFW650SSNWW,Water Valve,WH23X29553
GFW850SPNRS,Water Valve,WH23X29553
GFW650SSNWW,Water Valve,WH23X29553
GFW850SSNWW,Water Valve,WH23X29553
GFW850SSNWW,Water Valve,WH23X29553
GFW850SSNWW,Water Valve,WH23X29553
GFW850SSNWW,Water Valve,WH23X29553
GFW650SSNWW,Water Valve,WH23X29553
GFW850SSNWW,Water Valve,WH23X29553
GFW850SPNRS,Water Valve,WH23X29553
GFW850SSNWW,Water Valve,WH23X29553
GFW650SSNWW,Water Valve,WH23X29553
GFW850SSNWW,Water Valve,WH23X29553
GFW650SSNWW,Water Valve,WH23X29553
GFW850SPNRS,Water Valve,WH23X29553
GFW650SSNWW,Water Valve,WH23X29553
GFW650SSNWW,Water Valve,WH23X29553
GFW850SSNWW,Water Valve,WH23X29553
GFW850SPNRS,Water Valve,WH23X29553
GFW650SSNWW,Water Valve,WH23X29553
GFW850SPNRS,Water Valve,WH23X29553
GFW650SSNWW,Water Valve,WH23X29553
GFW850SPNRS,Water Valve,WH23X29553
GFW850SSNWW,Water Valve,WH23X29553
GFW850SPNRS,Water Valve,WH23X29553
GFW850SSNWW,Water Valve,WH23X29553
GFW650SSNWW,Water Valve,WH23X29553
GFW850SSNWW,Water Valve,WH23X29553
GFW650SSNWW,Water Valve,WH23X29553
GFW650SSNWW,Water Valve,WH23X29553
GFW850SSNWW,Water Valve,WH23X29553
GFW850SPNRS,Water Valve,WH23X29553
GFW650SSNWW,Water Valve,WH23X29553
GFW850SSNWW,Water Valve,WH23X29553
GFW850SPNRS,Water Valve,WH23X29553
GFW850SSNWW,Water Valve,WH23X29553
GFW850SPNRS,Water Valve,WH23X29553
GFW650SSNWW,Water Valve,WH23X29553
GFW650SSNWW,Water Valve,WH23X29553
SHP865ZP5N,Operating Module,11031054
SHP865ZP5N,Operating Module,11031054
SHP865ZP5N,Operating Module,11031054
SHP865ZP5N,Operating Module,11031054
SHP865ZP5N,Operating Module,11031054
SHP865ZP5N,Operating Module,11031054
SHP865ZP5N,Operating Module,11031054
SHP865ZP5N,Operating Module,11031054
SHP865ZP5N,Operating Module,11031054
SHP865ZP5N,Operating Module,11031054
SHP865ZP5N,Operating Module,11031054
SHP865ZP5N,Operating Module,11031054
SHP865ZP5N,Operating Module,11031054
SHP865ZP5N,Operating Module,11031054
SHP865ZP5N,Operating Module,11031054
SHP878ZP5N,Panel Facia,778918
SHP878ZP5N,Panel Facia,778918
SHP878ZP5N,Panel Facia,778918
SHP878ZP5N,Panel Facia,778918
SHP878ZP5N,Panel Facia,778918
SHP878ZP5N,Panel Facia,778918
SHP878ZP5N,Panel Facia,778918
SHP878ZP5N,Panel Facia,778918
SHP878ZP5N,Panel Facia,778918
SHP878ZP5N,Panel Facia,778918
SHP878ZP5N,Panel Facia,778918
SHP878ZP5N,Panel Facia,778918
SHP878ZP5N,Panel Facia,778918
SHP878ZP5N,Panel Facia,778918
SHP878ZP5N,Panel Facia,778918
SHP878ZP5N,Panel Facia,778918
SHP878ZP5N,Panel Facia,778918
SHP878ZP5N,Panel Facia,778918
SHP878ZP5N,Panel Facia,778918
SHP878ZP5N,Panel Facia,778918
GFW650SSNWW,Door Strike,WH01X29659
SHP878ZP5N,Water Tank,11030417
GFW650SSNWW,WH22X32061,WH22X31165
GFW650SSNWW,WH22X32061,WH22X31165
GFW650SSNWW,WH22X32061,WH22X31165
GFW650SSNWW,WH22X32061,WH22X31165
GFW650SSNWW,WH22X32061,WH22X31165
GFW650SSNWW,WH22X32061,WH22X31165
BI42UFDO,"Drawer,BI-42UFD Overlay SVCE",7030885
GFW850SSNWW,Lock Bar,WH01X30057
GFW650SSNWW,Lock Bar,WH01X30057
GFW650SSNWW,Lock Bar,WH01X30057
SHP878ZP5N,Insert,752276
SHP878ZP5N,"Crockery basket Lower Rack",779032
SHP878ZP5N,"Crockery basket Lower Rack",779032
SHP878ZP5N,"Crockery basket Lower Rack",779032
SHP865ZP5N,"Crockery basket Lower Rack",779032
SHP865ZP5N,"Crockery basket Lower Rack",779032
SHP878ZP5N,"Crockery basket Lower Rack",779032
SHP878ZP5N,"Crockery basket Lower Rack",779032
SHP878ZP5N,"Crockery basket Lower Rack",779032
SHP878ZP5N,"Crockery basket Lower Rack",779032
SHP878ZP5N,"Crockery basket Lower Rack",779032
SHP878ZP5N,"Crockery basket Lower Rack",779032
SHP865ZP5N,"Crockery basket Lower Rack",779032
SHP878ZP5N,"Crockery basket Lower Rack",779032
SHP865ZP5N,"Crockery basket Lower Rack",779032
SHP865ZP5N,"Crockery basket Lower Rack",779032
SHP865ZP5N,"Crockery basket Lower Rack",779032
SHP865ZP5N,"Crockery basket Lower Rack",779032
SHP865ZP5N,"Crockery basket Lower Rack",779032
SHP865ZP5N,"Crockery basket Lower Rack",779032
SHP878ZP5N,"Crockery basket Lower Rack",779032
SHP878ZP5N,"Crockery basket Lower Rack",779032
SHP878ZP5N,"Crockery basket Lower Rack",779032
SHP865ZP5N,"Crockery basket Lower Rack",779032
SHP878ZP5N,"Crockery basket Lower Rack",779032
SHP878ZP5N,"Crockery basket Lower Rack",779032
SHP878ZP5N,"Crockery basket Lower Rack",779032
SHP878ZP5N,"Crockery basket Lower Rack",779032
SHP865ZP5N,"Crockery basket Lower Rack",779032
GFW850SSNWW,User Interface Board,WH22X31163
GFW850SSNWW,User Interface Board,WH22X31163
GFW850SSNWW,User Interface Board,WH22X31163
GFW850SSNWW,User Interface Board,WH22X31163
GFW850SPNRS,User Interface Board,WH22X31163
GFW850SSNWW,Power Cord,WH08X29998
GFW850SSNWW,Power Cord,WH08X29998
SHP878ZP5N,CROCKERY BASKET,779033
SHP878ZP5N,CROCKERY BASKET,779033
SHP878ZP5N,CROCKERY BASKET,779033
SHP878ZP5N,CROCKERY BASKET,779033
SHP878ZP5N,CROCKERY BASKET,779033
SHP865ZP5N,CROCKERY BASKET,779033
SHP878ZP5N,CROCKERY BASKET,779033
SHP878ZP5N,CROCKERY BASKET,779033
SHS863WD5N,CROCKERY BASKET,779033
BI36UORH,Wireless Module,827671
GFW850SSNWW,PEDESTAL BRACKETS & HARDWARE PACK,WH02X30977
GFW650SSNWW,WH22X35517,WH22X30898
GFW850SSNWW,WH22X35517,WH22X30898
GFW650SSNWW,WH22X35517,WH22X30898
GFW850SPNRS,WH22X35517,WH22X30898
GFW650SSNWW,WH22X35517,WH22X30898
GFW850SSNWW,WH22X35517,WH22X30898
GFW850SPNRS,WH22X35517,WH22X30898
GFW850SSNWW,WH22X35517,WH22X30898
GFW850SPNRS,WH22X35517,WH22X30898
GFW650SSNWW,WH22X35517,WH22X30898
GFW850SSNWW,WH22X35517,WH22X30898
SHP878ZP5N,Operating module programmed,11031131
SHP878ZP5N,Operating module programmed,11031131
SHP878ZP5N,Operating module programmed,11031131
SHP878ZP5N,Operating module programmed,11031131
SHP878ZP5N,Operating module programmed,11031131
SHP878ZP5N,Operating module programmed,11031131
SHP878ZP5N,Operating module programmed,11031131
SHP878ZP5N,Operating module programmed,11031131
SHP878ZP5N,Operating module programmed,11031131
GFW850SPNRS,Washer Door,WH10X29525
GFW850SPNRS,Washer Door,WH10X29525
GFW850SPNRS,Washer Door,WH10X29525
GFW850SPNRS,Washer Door,WH10X29525
GFW850SPNRS,Gasket,WH05X29514
GFW650SSNWW,Gasket,WH05X29514
GFW850SPNRS,Gasket,WH05X29514
GFW850SPNRS,Gasket,WH05X29514
GFW850SPNRS,Gasket,WH05X29514
GFW850SPNRS,Gasket,WH05X29514
GFW850SPNRS,Gasket,WH05X29514
GFW850SPNRS,Gasket,WH05X29514
GFW850SSNWW,Gasket,WH05X29514
GFW850SPNRS,Gasket,WH05X29514
GFW850SPNRS,Gasket,WH05X29514
GFW850SPNRS,Gasket,WH05X29514
GFW850SSNWW,Gasket,WH05X29514
GFW650SSNWW,Gasket,WH05X29514
GFW650SSNWW,Gasket,WH05X29514
GFW850SPNRS,Gasket,WH05X29514
GFW650SSNWW,Gasket,WH05X29514
GFW650SSNWW,Gasket,WH05X29514
GFW850SPNRS,Gasket,WH05X29514
GFW650SSNWW,Gasket,WH05X29514
GFW850SSNWW,Gasket,WH05X29514
GFW850SSNWW,Gasket,WH05X29514
GFW850SSNWW,Gasket,WH05X29514
GFW650SSNWW,Gasket,WH05X29514
GFW650SSNWW,Gasket,WH05X29514
GFW850SPNRS,Gasket,WH05X29514
GFW850SPNRS,Gasket,WH05X29514
GFW650SSNWW,Gasket,WH05X29514
GFW850SSNWW,Gasket,WH05X29514
GFW850SSNWW,Gasket,WH05X29514
GFW850SPNRS,Gasket,WH05X29514
GFW650SSNWW,Gasket,WH05X29514
GFW650SSNWW,Gasket,WH05X29514
GFW850SSNWW,Gasket,WH05X29514
GFW650SSNWW,Gasket,WH05X29514
GFW850SSNWW,Gasket,WH05X29514
GFW650SSNWW,Gasket,WH05X29514
GFW650SSNWW,Gasket,WH05X29514
GFW850SPNRS,Gasket,WH05X29514
GFW850SSNWW,Gasket,WH05X29514
GFW650SSNWW,Gasket,WH05X29514
GFW650SSNWW,Gasket,WH05X29514
GFW650SSNWW,Gasket,WH05X29514
GFW650SSNWW,Gasket,WH05X29514
GFW850SSNWW,Gasket,WH05X29514
GFW650SSNWW,Gasket,WH05X29514
GFW650SSNWW,Gasket,WH05X29514
GFW850SSNWW,Gasket,WH05X29514
GFW850SPNRS,Gasket,WH05X29514
GFW650SSNWW,Gasket,WH05X29514
GFW850SSNWW,Gasket,WH05X29514
GFW650SSNWW,Gasket,WH05X29514
GFW850SPNRS,Gasket,WH05X29514
GFW850SSNWW,Gasket,WH05X29514
GFW650SSNWW,Gasket,WH05X29514
GFW850SPNRS,Gasket,WH05X29514
GFW850SPNRS,Gasket,WH05X29514
GFW850SSNWW,Gasket,WH05X29514
GFW850SSNWW,Gasket,WH05X29514
GFW850SPNRS,Gasket,WH05X29514
GFW850SSNWW,Gasket,WH05X29514
GFW850SSNWW,Gasket,WH05X29514
GFW650SSNWW,Gasket,WH05X29514
GFW650SSNWW,Gasket,WH05X29514
GFW850SPNRS,Gasket,WH05X29514
GFW850SPNRS,Gasket,WH05X29514
GFW850SSNWW,Gasket,WH05X29514
GFW650SSNWW,Gasket,WH05X29514
GFW650SSNWW,Gasket,WH05X29514
GFW850SSNWW,Leveling Leg,WH01X29505
GFW650SSNWW,Leveling Leg,WH01X29505
GFW650SSNWW,Leveling Leg,WH01X29505
GFW650SSNWW,Leveling Leg,WH01X29505
GFW650SSNWW,Leveling Leg,WH01X29505
GFW850SSNWW,Leveling Leg,WH01X29505
GFW850SSNWW,Leveling Leg,WH01X29505
GFW850SSNWW,Leveling Leg,WH01X29505
GFW850SSNWW,Leveling Leg,WH01X29505
GFW850SSNWW,Leveling Leg,WH01X29505
GFW850SPNRS,Leveling Leg,WH01X29505
GFW650SSNWW,Leveling Leg,WH01X29505
GFW650SSNWW,Leveling Leg,WH01X29505
GFW650SSNWW,Leveling Leg,WH01X29505
GFW650SSNWW,Leveling Leg,WH01X29505
GFW850SPNRS,Leveling Leg,WH01X29505
GFW650SSNWW,Leveling Leg,WH01X29505
SHP878ZP5N,Cutlery drawer,775980
BI42UFDO,"Trim,Door",7030905
BI42UFDO,"Trim,Door",7030905
BI42UFDO,"Trim,Door",7030905
BI42UFDO,"Trim,Door",7030905
BI42UFDO,"Trim,Door",7030905
BI42UFDO,"Trim,Door",7030905
GFW650SSNWW,Belt,WH03X29522
GFW850SPNRS,Belt,WH03X29522
GFW650SSNWW,Belt,WH03X29522
GFW850SSNWW,Belt,WH03X29522
GFW850SSNWW,Belt,WH03X29522
GFW650SSNWW,Belt,WH03X29522
GFW850SSNWW,Belt,WH03X29522
GFW650SSNWW,Belt,WH03X29522
GFW850SPNRS,Belt,WH03X29522
GFW650SSNWW,Belt,WH03X29522
GFW650SSNWW,Belt,WH03X29522
GFW850SPNRS,Belt,WH03X29522
GFW850SPNRS,Belt,WH03X29522
GFW850SSNWW,Belt,WH03X29522
GFW850SPNRS,WH22X32059,WH22X29531
GFW850SPNRS,WH22X32059,WH22X29531
GFW650SSNWW,Washer Door,WH10X29544
GFW650SSNWW,Washer Door,WH10X29544
GFW650SSNWW,Washer Door,WH10X29544
GFW650SSNWW,Washer Door,WH10X29544
GFW650SSNWW,Washer Door,WH10X29544
BI48SO,Evap Heat Exchanger,7031485
GFW850SPNRS,DISPENSER DRAWER,WH42X29542
GFW850SSNWW,DISPENSER DRAWER,WH42X29542
GFW850SSNWW,DISPENSER DRAWER,WH42X29542
GFW850SSNWW,DISPENSER DRAWER,WH42X29542
GFW850SPNRS,DISPENSER DRAWER,WH42X29542
GFW850SPNRS,DISPENSER DRAWER,WH42X29542
GFW850SSNWW,DISPENSER DRAWER,WH42X29542
GFW850SSNWW,DISPENSER DRAWER,WH42X29542
GFW850SSNWW,DISPENSER DRAWER,WH42X29542
GFW850SSNWW,DISPENSER DRAWER,WH42X29542
GFW850SPNRS,DISPENSER DRAWER,WH42X29542
GFW850SSNWW,DISPENSER DRAWER,WH42X29542
GFW850SSNWW,DISPENSER DRAWER,WH42X29542
GFW850SPNRS,DISPENSER DRAWER,WH42X29542
GFW850SPNRS,DISPENSER DRAWER,WH42X29542
GFW850SSNWW,DISPENSER DRAWER,WH42X29542
GFW850SSNWW,DISPENSER DRAWER,WH42X29542
GFW850SSNWW,DISPENSER DRAWER,WH42X29542
GFW850SSNWW,DISPENSER DRAWER,WH42X29542
GFW850SSNWW,DISPENSER DRAWER,WH42X29542
GFW850SSNWW,DISPENSER DRAWER,WH42X29542
GFW850SPNRS,DISPENSER DRAWER,WH42X29542
GFW850SSNWW,DISPENSER DRAWER,WH42X29542
GFW850SPNRS,DISPENSER DRAWER,WH42X29542
GFW850SPNRS,DISPENSER DRAWER,WH42X29542
GFW850SPNRS,DISPENSER DRAWER,WH42X29542
GFW850SSNWW,DISPENSER DRAWER,WH42X29542
GFW850SSNWW,DISPENSER DRAWER,WH42X29542
GFW850SPNRS,DISPENSER DRAWER,WH42X29542
GFW850SSNWW,DISPENSER DRAWER,WH42X29542
GFW850SPNRS,DISPENSER DRAWER,WH42X29542
GFW850SSNWW,DISPENSER DRAWER,WH42X29542
GFW850SSNWW,DISPENSER DRAWER,WH42X29542
GFW850SSNWW,DISPENSER DRAWER,WH42X29542
GFW850SPNRS,DISPENSER DRAWER,WH42X29542
GFW850SPNRS,DISPENSER DRAWER,WH42X29542
GFW850SSNWW,DISPENSER DRAWER,WH42X29542
GFW850SPNRS,DISPENSER DRAWER,WH42X29542
GFW850SPNRS,DISPENSER DRAWER,WH42X29542
GFW850SSNWW,DISPENSER DRAWER,WH42X29542
GFW850SSNWW,DISPENSER DRAWER,WH42X29542
GFW850SPNRS,DISPENSER DRAWER,WH42X29542
GFW850SSNWW,DISPENSER DRAWER,WH42X29542
GFW850SSNWW,DISPENSER DRAWER,WH42X29542
GFW850SPNRS,DISPENSER DRAWER,WH42X29542
GFW850SPNRS,DISPENSER DRAWER,WH42X29542
GFW850SSNWW,DISPENSER DRAWER,WH42X29542
GFW850SSNWW,DISPENSER DRAWER,WH42X29542
GFW850SPNRS,DISPENSER DRAWER,WH42X29542
GFW850SPNRS,DISPENSER DRAWER,WH42X29542
GFW850SPNRS,DISPENSER DRAWER,WH42X29542
GFW850SSNWW,DISPENSER DRAWER,WH42X29542
GFW850SSNWW,DISPENSER DRAWER,WH42X29542
GFW850SSNWW,DISPENSER DRAWER,WH42X29542
GFW850SSNWW,DISPENSER DRAWER,WH42X29542
GFW850SPNRS,DISPENSER DRAWER,WH42X29542
GFW850SSNWW,DISPENSER DRAWER,WH42X29542
GFW850SPNRS,DISPENSER DRAWER,WH42X29542
GFW850SSNWW,DISPENSER DRAWER,WH42X29542
GFW850SSNWW,DISPENSER DRAWER,WH42X29542
GFW850SSNWW,DISPENSER DRAWER,WH42X29542
GFW850SPNRS,DISPENSER DRAWER,WH42X29542
GFW850SSNWW,DISPENSER DRAWER,WH42X29542
GFW850SSNWW,DISPENSER DRAWER,WH42X29542
GFW850SPNRS,DISPENSER DRAWER,WH42X29542
GFW850SSNWW,DISPENSER DRAWER,WH42X29542
GFW850SSNWW,DISPENSER DRAWER,WH42X29542
GFW850SSNWW,DISPENSER DRAWER,WH42X29542
GFW850SPNRS,DISPENSER DRAWER,WH42X29542
GFW850SPNRS,DISPENSER DRAWER,WH42X29542
GFW650SSNWW,DRAIN PUMPS & FILTER,WH11X29539
GFW850SSNWW,DRAIN PUMPS & FILTER,WH11X29539
GFW850SPNRS,DRAIN PUMPS & FILTER,WH11X29539
GFW650SSNWW,DRAIN PUMPS & FILTER,WH11X29539
GFW650SSNWW,DRAIN PUMPS & FILTER,WH11X29539
GFW850SPNRS,DRAIN PUMPS & FILTER,WH11X29539
GFW850SPNRS,DRAIN PUMPS & FILTER,WH11X29539
GFW650SSNWW,DRAIN PUMPS & FILTER,WH11X29539
GFW650SSNWW,DRAIN PUMPS & FILTER,WH11X29539
GFW850SSNWW,DRAIN PUMPS & FILTER,WH11X29539
GFW850SSNWW,DRAIN PUMPS & FILTER,WH11X29539
GFW850SSNWW,DRAIN PUMPS & FILTER,WH11X29539
GFW850SPNRS,DRAIN PUMPS & FILTER,WH11X29539
GFW850SPNRS,DRAIN PUMPS & FILTER,WH11X29539
GFW650SSNWW,DRAIN PUMPS & FILTER,WH11X29539
GFW650SSNWW,DRAIN PUMPS & FILTER,WH11X29539
GFW850SSNWW,DRAIN PUMPS & FILTER,WH11X29539
GFW650SSNWW,DRAIN PUMPS & FILTER,WH11X29539
GFW850SSNWW,DRAIN PUMPS & FILTER,WH11X29539
GFW650SSNWW,DRAIN PUMPS & FILTER,WH11X29539
GFW650SSNWW,DRAIN PUMPS & FILTER,WH11X29539
GFW650SSNWW,DRAIN PUMPS & FILTER,WH11X29539
GFW650SSNWW,DRAIN PUMPS & FILTER,WH11X29539
GFW650SSNWW,DRAIN PUMPS & FILTER,WH11X29539
GFW850SSNWW,DRAIN PUMPS & FILTER,WH11X29539
GFW650SSNWW,DRAIN PUMPS & FILTER,WH11X29539
GFW850SPNRS,DRAIN PUMPS & FILTER,WH11X29539
GFW850SSNWW,DRAIN PUMPS & FILTER,WH11X29539
GFW850SSNWW,DRAIN PUMPS & FILTER,WH11X29539
GFW850SSNWW,DRAIN PUMPS & FILTER,WH11X29539
GFW850SSNWW,DRAIN PUMPS & FILTER,WH11X29539
GFW850SSNWW,DRAIN PUMPS & FILTER,WH11X29539
GFW650SSNWW,DRAIN PUMPS & FILTER,WH11X29539
GFW850SPNRS,DRAIN PUMPS & FILTER,WH11X29539
GFW850SSNWW,DRAIN PUMPS & FILTER,WH11X29539
GFW850SSNWW,DRAIN PUMPS & FILTER,WH11X29539
GFW650SSNWW,DRAIN PUMPS & FILTER,WH11X29539
GFW850SSNWW,DRAIN PUMPS & FILTER,WH11X29539
GFW650SSNWW,DRAIN PUMPS & FILTER,WH11X29539
GFW850SSNWW,DRAIN PUMPS & FILTER,WH11X29539
GFW850SSNWW,DRAIN PUMPS & FILTER,WH11X29539
GFW650SSNWW,DRAIN PUMPS & FILTER,WH11X29539
GFW850SSNWW,DRAIN PUMPS & FILTER,WH11X29539
GFW650SSNWW,DRAIN PUMPS & FILTER,WH11X29539
GFW850SSNWW,DRAIN PUMPS & FILTER,WH11X29539
GFW850SSNWW,DRAIN PUMPS & FILTER,WH11X29539
GFW850SPNRS,DRAIN PUMPS & FILTER,WH11X29539
GFW850SSNWW,DRAIN PUMPS & FILTER,WH11X29539
GFW650SSNWW,DRAIN PUMPS & FILTER,WH11X29539
GFW850SSNWW,DRAIN PUMPS & FILTER,WH11X29539
GFW850SPNRS,DRAIN PUMPS & FILTER,WH11X29539
GFW650SSNWW,DRAIN PUMPS & FILTER,WH11X29539
GFW850SPNRS,DRAIN PUMPS & FILTER,WH11X29539
GFW850SPNRS,DRAIN PUMPS & FILTER,WH11X29539
GFW850SSNWW,DRAIN PUMPS & FILTER,WH11X29539
GFW850SSNWW,DRAIN PUMPS & FILTER,WH11X29539
GFW650SSNWW,DRAIN PUMPS & FILTER,WH11X29539
GFW850SPNRS,DRAIN PUMPS & FILTER,WH11X29539
GFW650SSNWW,DRAIN PUMPS & FILTER,WH11X29539
GFW650SSNWW,DRAIN PUMPS & FILTER,WH11X29539
GFW850SSNWW,DRAIN PUMPS & FILTER,WH11X29539
GFW850SSNWW,DRAIN PUMPS & FILTER,WH11X29539
GFW850SSNWW,DRAIN PUMPS & FILTER,WH11X29539
GFW650SSNWW,DRAIN PUMPS & FILTER,WH11X29539
GFW850SSNWW,DRAIN PUMPS & FILTER,WH11X29539
GFW850SSNWW,DRAIN PUMPS & FILTER,WH11X29539
GFW650SSNWW,DRAIN PUMPS & FILTER,WH11X29539
GFW650SSNWW,DRAIN PUMPS & FILTER,WH11X29539
GFW650SSNWW,DRAIN PUMPS & FILTER,WH11X29539
GFW850SPNRS,DRAIN PUMPS & FILTER,WH11X29539
GFW850SSNWW,DRAIN PUMPS & FILTER,WH11X29539
GFW650SSNWW,DRAIN PUMPS & FILTER,WH11X29539
GFW850SSNWW,DRAIN PUMPS & FILTER,WH11X29539
GFW850SSNWW,DRAIN PUMPS & FILTER,WH11X29539
GFW850SSNWW,DRAIN PUMPS & FILTER,WH11X29539
GFW650SSNWW,DRAIN PUMPS & FILTER,WH11X29539
GFW650SSNWW,DRAIN PUMPS & FILTER,WH11X29539
BI42UFDO,"Seal Flipper Cafe Door",7024121
BI42UFDO,"Seal Flipper Cafe Door",7024121
BI42UFDO,"Seal Flipper Cafe Door",7024121
BI42UFDO,"Seal Flipper Cafe Door",7024121
BI42UFDO,"Seal Flipper Cafe Door",7024121
BI42UFDO,"Seal Flipper Cafe Door",7024121
BI42UFDO,"Seal Flipper Cafe Door",7024121
BI42UFDO,"Seal Flipper Cafe Door",7024121
SHP865ZP5N,Harness Control,648135
BI36UORH,"Shelf Assy Door",7007271
BI36UORH,"Shelf Assy Door",7007271
SHP865ZP5N,Holder,632896
SHP865ZP5N,Holder,632896
SHP878ZP5N,"cup rack-Upper rack gray auto lowering",745108
SHP878ZP5N,"cup rack-Upper rack gray auto lowering",745108
SHP878ZP5N,Door-outer,774391
SHP878ZP5N,Door-outer,774391
SHP878ZP5N,Door-outer,774391
SHP878ZP5N,Door-outer,774391
SHP878ZP5N,Door-outer,774391
BI42UFDO,Control Assy,7041270
BI42UFDO,Control Assy,7041270
BI42UFDO,Door Screw Cover,7024142
BI42UFDO,Door Screw Cover,7024142
BI42UFDO,Door Screw Cover,7024142
BI42UFDO,Door Screw Cover,7024142
BI42UFDO,Door Screw Cover,7024142
BI42UFDO,Door Screw Cover,7024142
BI42UFDO,Trim Door Handle,7024145
BI42UFDO,Trim Door Handle,7024145
BI42UFDO,Trim Door Handle,7024145
BI42UFDO,Trim Door Handle,7024145
BI42UFDO,Trim Door Handle,7024145
BI42UFDO,Trim Door Handle,7024145
SHS863WD5N,Hose,668104
SHP878ZP5N,Ring,611957
BI42UFDO,7043869,7041551
BI42UFDO,7043869,7041551
BI42UFDO,7043869,7041551
BI42UFDO,7043869,7041551
BI42UFDO,7043869,7041551
BI42UFDO,7043869,7041551
BI42UFDO,7043869,7041551
BI36UORH,Control Assembly Board,7041549
BI48SO,Control Assembly Board,7041549
BI36UORH,Control Assembly Board,7041549
BI48SO,Control Assembly Board,7041549
BI36UORH,Control Assembly Board,7041549
BI36UORH,Control Assembly Board,7041549
BI36UORH,Control Assembly Board,7041549
BI48SO,Control Assembly Board,7041549
BI36UORH,Control Assembly Board,7041549
BI48SO,Control Assembly Board,7041549
BI36UORH,Control Assembly Board,7041549
BI48SO,Control Assembly Board,7041549
BI36UORH,Control Assembly Board,7041549
BI36UORH,Control Assembly Board,7041549
BI48SO,Control Assembly Board,7041549
BI48SO,Control Assembly Board,7041549
BI36UORH,Control Assembly Board,7041549
BI36UORH,Control Assembly Board,7041549
BI36UORH,Control Assembly Board,7041549
BI36UORH,Control Assembly Board,7041549
BI36UORH,Control Assembly Board,7041549
BI36UORH,Control Assembly Board,7041549
SHP865ZP5N,Cable Harness,12014146
SHP865ZP5N,Cable Harness,12014146
SHS863WD5N,"Screw Inner Door",151703
SHS863WD5N,"Screw Inner Door",151703
SHS863WD5N,"Screw Inner Door",151703
SHS863WD5N,"Screw Inner Door",151703
SHS863WD5N,"Screw Inner Door",151703
SHS863WD5N,"Screw Inner Door",151703
SHS863WD5N,"Screw Inner Door",151703
BI42UFDO,"Motor Condenser",7025930
SHP865ZP5N,Panel Fascia,778952
SHP865ZP5N,Panel Fascia,778952
SHP865ZP5N,Panel Fascia,778952
SHP865ZP5N,Panel Fascia,778952
BI36UORH,Drain Tube,7012421
BI42UFDO,Fan Assy,7030914
BI42UFDO,"Retainer,Basket SVCE (BI-42UFD)",7030923
BI42UFDO,"Retainer,Basket SVCE (BI-42UFD)",7030923
BI42UFDO,"Support,Assy Right SVCE",7031952
BI42UFDO,"Support,Assy Right SVCE",7031952
BI42UFDO,"Support,Assy Left SVCE",7031953
BI42UFDO,"Support,Assy Left SVCE",7031953
SHP865ZP5N,Sensor,611323
SHP865ZP5N,Control module programmed,11032521
SHP865ZP5N,Power Cord,11031987
SHP878ZP5N,Power Cord,11031987
SHP865ZP5N,Power Cord,11031987
SHS863WD5N,Power Cord,11031987
SHS863WD5N,Power Cord,11031987
SHP878ZP5N,Power Cord,11031987
SHP865ZP5N,Display Module,12028873
SHS863WD5N,Display Module,12028873
SHP878ZP5N,Insert,657107
SHP865ZP5N,Holder,616990
SHP878ZP5N,WHEEL,12004485
SHP878ZP5N,WHEEL,12004485
SHP878ZP5N,WHEEL,12004485
SHP878ZP5N,WHEEL,12004485
SHP878ZP5N,WHEEL,12004485
SHP878ZP5N,WHEEL,12004485
SHP878ZP5N,Tube,11018097
SHP878ZP5N,Tube,11018097
SHP878ZP5N,Tube,11018097
SHP878ZP5N,Tube,11018097
SHP865ZP5N,Tube,11018097
SHP878ZP5N,Tube,11018097
SHP878ZP5N,Tube,11018097
SHP878ZP5N,Tube,11018097
SHP878ZP5N,Tube,11018097
SHS863WD5N,Tube,11018097
SHP878ZP5N,Tube,11018097
SHP878ZP5N,Tube,11018097
SHP878ZP5N,Tube,11018097
SHP878ZP5N,Tube,11018097
SHP865ZP5N,Tube,11018097
SHP865ZP5N,Tube,11018097
SHP878ZP5N,Tube,11018097
SHP878ZP5N,Tube,11018097
SHS863WD5N,Rope,636603
SHP865ZP5N,Rope,636603
SHP865ZP5N,Rope,636603
SHP865ZP5N,Rope,636603
SHP865ZP5N,Rope,636603
SHP865ZP5N,Rope,636603
SHP865ZP5N,Rope,636603
SHP865ZP5N,Rope,636603
SHP865ZP5N,Rope,636603
SHP865ZP5N,Rope,636603
SHP865ZP5N,Rope,636603
SHP865ZP5N,Rope,636603
SHP865ZP5N,Rope,636603
SHP865ZP5N,Rope,636603
SHP865ZP5N,Rope,636603
SHP865ZP5N,Rope,636603
SHP865ZP5N,Rope,636603
SHP865ZP5N,Rope,636603
SHP865ZP5N,Rope,636603
SHS863WD5N,Repair Set - Pump Sump,12005744
SHS863WD5N,11030046,663105
SHP865ZP5N,Switch,620775
SHS863WD5N,Switch,620775
SHP878ZP5N,Handle,752273
BI48SO,Screw,7014376
BI48SO,Screw,7014376
SHP865ZP5N,Cutlery Drawer,770656
SHP865ZP5N,Cutlery Drawer,770656
SHP878ZP5N,Cutlery Drawer,770656
SHP878ZP5N,Cutlery Drawer,770656
SHP878ZP5N,Cutlery Drawer,770656
SHP865ZP5N,Door Opening Module,12025140
SHP865ZP5N,Door Opening Module,12025140
SHP865ZP5N,Door Opening Module,12025140
SHP865ZP5N,Door Opening Module,12025140
SHP865ZP5N,Door Opening Module,12025140
SHP865ZP5N,Door Opening Module,12025140
SHP865ZP5N,Door Opening Module,12025140
SHP865ZP5N,Door Opening Module,12025140
SHP865ZP5N,Door Opening Module,12025140
SHP865ZP5N,Door Opening Module,12025140
SHP865ZP5N,Door Opening Module,12025140
SHP865ZP5N,Door Opening Module,12025140
SHP878ZP5N,Water Inlet,11030996
SHP878ZP5N,Water Inlet,11030996
SHP865ZP5N,Water Inlet,11030996
SHP865ZP5N,Door-outer,779119
SHP865ZP5N,Door-outer,779119
SHP865ZP5N,Door-outer,779119
SHP865ZP5N,Door-outer,779119
SHP865ZP5N,Door-outer,779119
SHP865ZP5N,Door-outer,779119
SHP865ZP5N,Ice container,12028493
BI42UFDO,"Slide Assy Fre Basket",7009392
BI48SO,"Fan Assy,Fre SVCE (BI-48S,BI-48SD)",7010527
BI48SO,"Fan Assy,Fre SVCE (BI-48S,BI-48SD)",7010527
SHP878ZP5N,POWER MODULE PROGRAM,12028526
SHP878ZP5N,POWER MODULE PROGRAM,12028526
SHP878ZP5N,POWER MODULE PROGRAM,12028526
SHP878ZP5N,POWER MODULE PROGRAM,12028526
SHP878ZP5N,POWER MODULE PROGRAM,12028526
SHP878ZP5N,POWER MODULE PROGRAM,12028526
SHP878ZP5N,POWER MODULE PROGRAM,12028526
SHP878ZP5N,POWER MODULE PROGRAM,12028526
SHP878ZP5N,POWER MODULE PROGRAM,12028526
BI48SO,"Light,LED Bulb,Tube",7041958
BI48SO,"Light,LED Bulb,Tube",7041958
BI48SO,"Light,LED Bulb,Tube",7041958
BI48SO,"Light,LED Bulb,Tube",7041958
BI48SO,"Light,LED Bulb,Tube",7041958
BI48SO,"Light,LED Bulb,Tube",7041958
BI48SO,"Light,LED Bulb,Tube",7041958
BI48SO,"Light,LED Bulb,Tube",7041958
BI48SO,"Light,LED Bulb,Tube",7041958
BI48SO,"Light,LED Bulb,Tube",7041958
BI48SO,"Light,LED Bulb,Tube",7041958
SHP865ZP5N,Lock,10008141
SHP865ZP5N,Lock,10008141
SHP865ZP5N,Lock,10008141
SHP865ZP5N,Lock,10008141
SHP865ZP5N,Lock,10008141
SHP865ZP5N,Lock,10008141
SHP865ZP5N,Lock,10008141
SHP865ZP5N,Lock,10008141
SHP865ZP5N,Lock,10008141
SHP865ZP5N,Lock,10008141
SHP865ZP5N,Lock,10008141
SHP865ZP5N,Lock,10008141
SHP865ZP5N,Lock,10008141
SHP865ZP5N,Lock,10008141
SHP865ZP5N,Lock,10008141
SHP865ZP5N,Lock,10008141
SHP865ZP5N,Lock,10008141
SHP865ZP5N,Lock,10008141
SHP865ZP5N,Lock,10008141
SHP865ZP5N,Lock,10008141
SHP865ZP5N,Lock,10008141
SHP865ZP5N,Lock,10008141
SHP865ZP5N,Lock,10008141
SHP865ZP5N,Lock,10008141
SHP865ZP5N,Lock,10008141
BI42UFDO,Electricals,7026786
SHP865ZP5N,10016142,12028673
SHP865ZP5N,Spring,637632
SHP865ZP5N,Spring,637632
SHP865ZP5N,Spring,637632
SHP865ZP5N,Spring,637632
SHP865ZP5N,Spring,637632
SHP865ZP5N,Spring,637632
SHP865ZP5N,Spring,637632
SHP865ZP5N,Spring,637632
SHP865ZP5N,Spring,637632
SHP865ZP5N,Spring,637632
SHP865ZP5N,Spring,637632
SHP865ZP5N,Spring,637632
SHP865ZP5N,Spring,637632
GFW650SSNWW,Damper Pin,WH01X29647
GFW650SSNWW,Damper Pin,WH01X29647
GFW650SSNWW,Damper Pin,WH01X29647
GFW650SSNWW,Damper Pin,WH01X29647
GFW650SSNWW,Damper Pin,WH01X29647
GFW650SSNWW,Damper Pin,WH01X29647
GFW650SSNWW,Damper Pin,WH01X29647
GFW650SSNWW,Damper Pin,WH01X29647
GFW650SSNWW,WH22X35837,WH22X32957
GFW850SPNRS,WH22X35837,WH22X32957
GFW850SSNWW,WH22X35837,WH22X32957
GFW650SSNWW,WH22X35837,WH22X32957
GFW650SSNWW,WH22X35837,WH22X32957
GFW850SPNRS,WH22X35837,WH22X32957
GFW850SPNRS,Front Royal Sapphire,WH13X30347
GFW850SPNRS,Front Royal Sapphire,WH13X30347
GFW850SPNRS,Vent Cover,WH13X29634
GFW850SPNRS,Drain Pump Housing,WH11X29644
GFW850SPNRS,Drain Pump Funnel,WH11X29650
GFW850SPNRS,Drain Pump Access Door Royal Sapphire,WH11X30365
GFW850SPNRS,Drain Pump Access Door Royal Sapphire,WH11X30365
SHP878ZP5N,12047162,12016779
SHP865ZP5N,12047162,12016779
SHP865ZP5N,Holder,10002070
BI36UORH,Evap Assembly,7040372
GFW850SPNRS,CONTROL PANEL SAPPHIRE,WH22X29543
GFW850SPNRS,CONTROL PANEL SAPPHIRE,WH22X29543
GFW850SPNRS,CONTROL PANEL SAPPHIRE,WH22X29543
GFW850SPNRS,CONTROL PANEL SAPPHIRE,WH22X29543
GFW850SPNRS,CONTROL PANEL SAPPHIRE,WH22X29543
SHP878ZP5N,Door,20002663
SHP865ZP5N,Cable Harness,12027106
BI42UFDO,Drawer Slider (QTY 2),7042772
BI42UFDO,Drawer Slider (QTY 2),7042772
BI36UORH,Drawer Slider (QTY 2),7042772
BI42UFDO,Drawer Slider (QTY 2),7042772
BI42UFDO,Drawer Slider (QTY 2),7042772
BI42UFDO,Drawer Slider (QTY 2),7042772
BI42UFDO,Drawer Slider (QTY 2),7042772
BI36UORH,Drawer Slider (QTY 2),7042772
BI42UFDO,Drawer Slider (QTY 2),7042772
BI42UFDO,Drawer Slider (QTY 2),7042772
BI36UORH,Drawer Slider (QTY 2),7042772
BI36UORH,Drawer Slider (QTY 2),7042772
BI36UORH,Drawer Slider (QTY 2),7042772
BI42UFDO,Drawer Slider (QTY 2),7042772
BI36UORH,Drawer Slider (QTY 2),7042772
BI36UORH,Drawer Slider (QTY 2),7042772
BI42UFDO,Drawer Slider (QTY 2),7042772
BI42UFDO,Drawer Slider (QTY 2),7042772
BI42UFDO,Drawer Slider (QTY 2),7042772
BI42UFDO,Drawer Slider (QTY 2),7042772
BI42UFDO,Drawer Slider (QTY 2),7042772
BI42UFDO,Drawer Slider (QTY 2),7042772
SHP878ZP5N,Rail,744815
SHP878ZP5N,Rail,744815
SHP878ZP5N,Rail,744815
SHP865ZP5N,Sealing,494772
SHP865ZP5N,Sealing,494772
SHP878ZP5N,Sealing,494772
SHP865ZP5N,Sealing,494772
SHP865ZP5N,Sealing,494772
SHS863WD5N,Sealing,494772
SHP865ZP5N,Sealing,494772
SHP865ZP5N,Sealing,494772
SHP865ZP5N,Sealing,494772
SHP878ZP5N,Sealing,494772
SHP865ZP5N,Sealing,494772
SHP865ZP5N,Sealing,494772
SHS863WD5N,Sealing,494772
SHP865ZP5N,Sealing,494772
SHP865ZP5N,Sealing,494772
SHP865ZP5N,Sealing,494772
SHP865ZP5N,Sealing,494772
SHP878ZP5N,Sealing,494772
SHP865ZP5N,Sealing,494772
SHP865ZP5N,Sealing,494772
SHS863WD5N,Sealing,494772
SHS863WD5N,Sealing,494772
SHP878ZP5N,Sealing,494772
SHP865ZP5N,Sealing,494772
SHP865ZP5N,Sealing,494772
SHP878ZP5N,Sealing,494772
SHP865ZP5N,Sealing,494772
SHS863WD5N,Sealing,494772
SHP865ZP5N,Sealing,494772
SHP865ZP5N,Sealing,494772
SHP878ZP5N,Sealing,494772
SHP878ZP5N,Pump-drain,631200
SHP878ZP5N,Pump-drain,631200
SHP865ZP5N,Pump-drain,631200
SHP878ZP5N,Pump-drain,631200
SHP878ZP5N,Pump-drain,631200
SHS863WD5N,Pump-drain,631200
SHP878ZP5N,Pump-drain,631200
SHP865ZP5N,Pump-drain,631200
SHS863WD5N,Pump-drain,631200
SHP865ZP5N,Pump-drain,631200
SHP865ZP5N,Pump-drain,631200
SHP865ZP5N,Pump-drain,631200
SHP865ZP5N,Pump-drain,631200
SHP865ZP5N,Pump-drain,631200
SHP878ZP5N,Pump-drain,631200
SHP878ZP5N,Pump-drain,631200
SHP865ZP5N,Pump-drain,631200
SHP878ZP5N,Pump-drain,631200
SHP865ZP5N,Pump-drain,631200
SHP865ZP5N,Pump-drain,631200
SHP878ZP5N,Pump-drain,631200
SHP865ZP5N,Pump-drain,631200
SHP865ZP5N,Pump-drain,631200
SHP878ZP5N,Pump-drain,631200
SHP865ZP5N,Pump-drain,631200
SHP878ZP5N,Pump-drain,631200
SHS863WD5N,Pump-drain,631200
SHP865ZP5N,Pump-drain,631200
SHP878ZP5N,Pump-drain,631200
SHP865ZP5N,Pump-drain,631200
SHS863WD5N,Pump-drain,631200
SHP865ZP5N,Pump-drain,631200
SHP865ZP5N,Pump-drain,631200
SHP865ZP5N,Pump-drain,631200
SHP865ZP5N,Pump-drain,631200
SHS863WD5N,Pump-drain,631200
SHS863WD5N,Pump-drain,631200
SHS863WD5N,Pump-drain,631200
SHS863WD5N,Pump-drain,631200
SHP878ZP5N,Pump-drain,631200
SHP878ZP5N,Pump-drain,631200
SHP878ZP5N,Pump-drain,631200
SHP878ZP5N,Pump-drain,631200
SHP865ZP5N,Pump-drain,631200
SHP865ZP5N,Pump-drain,631200
SHS863WD5N,Pump-drain,631200
SHP865ZP5N,Pump-drain,631200
SHP865ZP5N,Pump-drain,631200
SHP865ZP5N,Pump-drain,631200
SHP878ZP5N,Pump-drain,631200
SHS863WD5N,Pump-drain,631200
SHS863WD5N,Pump-drain,631200
SHP865ZP5N,Pump-drain,631200
SHP878ZP5N,Pump-drain,631200
SHP865ZP5N,Pump-drain,631200
SHP865ZP5N,Pump-drain,631200
SHP865ZP5N,Pump-drain,631200
SHP878ZP5N,Pump-drain,631200
SHP865ZP5N,Pump-drain,631200
SHP878ZP5N,Pump-drain,631200
SHP865ZP5N,Pump-drain,631200
SHP878ZP5N,Pump-drain,631200
SHS863WD5N,Access Valve,622058
SHP878ZP5N,Heat Pump,12008381
SHP865ZP5N,Heat Pump,12008381
SHS863WD5N,Heat Pump,12008381
SHP865ZP5N,Heat Pump,12008381
SHP865ZP5N,Heat Pump,12008381
SHS863WD5N,Heat Pump,12008381
SHP878ZP5N,Heat Pump,12008381
SHP865ZP5N,Heat Pump,12008381
SHP865ZP5N,Heat Pump,12008381
SHP865ZP5N,Heat Pump,12008381
SHP865ZP5N,Heat Pump,12008381
SHP865ZP5N,Heat Pump,12008381
SHP865ZP5N,Heat Pump,12008381
SHP865ZP5N,Heat Pump,12008381
SHS863WD5N,Heat Pump,12008381
SHP865ZP5N,Heat Pump,12008381
SHP878ZP5N,Heat Pump,12008381
SHP865ZP5N,Heat Pump,12008381
SHP878ZP5N,Heat Pump,12008381
SHS863WD5N,Heat Pump,12008381
SHS863WD5N,Heat Pump,12008381
SHP865ZP5N,Heat Pump,12008381
SHP865ZP5N,Heat Pump,12008381
SHS863WD5N,Heat Pump,12008381
SHP878ZP5N,Heat Pump,12008381
SHS863WD5N,Heat Pump,12008381
SHP865ZP5N,Heat Pump,12008381
SHS863WD5N,Heat Pump,12008381
SHP878ZP5N,Heat Pump,12008381
SHP878ZP5N,Heat Pump,12008381
SHP878ZP5N,Heat Pump,12008381
SHP865ZP5N,Heat Pump,12008381
SHP865ZP5N,Heat Pump,12008381
SHP865ZP5N,Heat Pump,12008381
SHP865ZP5N,Heat Pump,12008381
SHP865ZP5N,Heat Pump,12008381
SHP878ZP5N,Heat Pump,12008381
SHS863WD5N,Heat Pump,12008381
SHS863WD5N,Heat Pump,12008381
SHP878ZP5N,Heat Pump,12008381
SHP865ZP5N,Heat Pump,12008381
SHP865ZP5N,Dispenser,12008380
SHS863WD5N,Dispenser,12008380
SHP865ZP5N,Dispenser,12008380
SHS863WD5N,Dispenser,12008380
SHP865ZP5N,Dispenser,12008380
SHP865ZP5N,Dispenser,12008380
SHP878ZP5N,Dispenser,12008380
SHP865ZP5N,Dispenser,12008380
SHP865ZP5N,Dispenser,12008380
SHP878ZP5N,Dispenser,12008380
SHP865ZP5N,Dispenser,12008380
SHS863WD5N,Dispenser,12008380
SHS863WD5N,Dispenser,12008380
SHS863WD5N,Dispenser,12008380
SHS863WD5N,Dispenser,12008380
SHP878ZP5N,Dispenser,12008380
SHP865ZP5N,Dispenser,12008380
SHP878ZP5N,Dispenser,12008380
SHP865ZP5N,Dispenser,12008380
SHP865ZP5N,Dispenser,12008380
SHP878ZP5N,Dispenser,12008380
SHS863WD5N,Dispenser,12008380
SHP865ZP5N,Dispenser,12008380
SHP878ZP5N,Dispenser,12008380
SHP878ZP5N,Dispenser,12008380
SHP865ZP5N,Dispenser,12008380
SHP865ZP5N,Dispenser,12008380
SHP878ZP5N,Dispenser,12008380
SHS863WD5N,Dispenser,12008380
SHP865ZP5N,Dispenser,12008380
BI42UFDO,Shroud Assy,7011296
BI42UFDO,Shroud Assy,7011296
BI42UFDO,Fan blade,7011465
BI48SO,defrost terminator,7011192
BI48SO,defrost terminator,7011192
BI42UFDO,Glides freezer,7031885
BI42UFDO,Glides freezer,7031885
BI36UORH,Glides freezer,7031885
BI36UORH,Glides freezer,7031885
BI36UORH,Glides freezer,7031885
BI36UORH,Glides freezer,7031885
BI42UFDO,Glides freezer,7031885
BI42UFDO,Glides freezer,7031885
BI36UORH,Glides freezer,7031885
BI36UORH,Glides freezer,7031885
BI36UORH,Glides freezer,7031885
BI36UORH,Glides freezer,7031885
BI42UFDO,Glides freezer,7031885
BI42UFDO,Glides freezer,7031885
BI36UORH,Glides freezer,7031885
BI36UORH,Glides freezer,7031885
BI36UORH,Glides freezer,7031885
BI36UORH,Glides freezer,7031885
BI36UORH,Glides freezer,7031885
BI36UORH,Glides freezer,7031885
BI42UFDO,Glides freezer,7031885
BI42UFDO,Glides freezer,7031885
BI42UFDO,Glides freezer,7031885
BI42UFDO,Glides freezer,7031885
BI42UFDO,Glides freezer,7031885
BI36UORH,Glides freezer,7031885
BI36UORH,Glides freezer,7031885
BI36UORH,Glides freezer,7031885
BI36UORH,Glides freezer,7031885
BI42UFDO,Glides freezer,7031885
BI42UFDO,Glides freezer,7031885
BI42UFDO,Glides freezer,7031885
BI42UFDO,Glides freezer,7031885
BI42UFDO,Glides freezer,7031885
BI42UFDO,Glides freezer,7031885
BI36UORH,Glides freezer,7031885
BI36UORH,Glides freezer,7031885
SHS863WD5N,RAIL,669255
SHP878ZP5N,RAIL,669255
SHP865ZP5N,RAIL,669255
BI42UFDO,AIR FILTER,7007021
SHP878ZP5N,Holder,611980
SHP878ZP5N,Holder,611980
BI36UORH,Fill supply line,7010631
BI36UORH,Fill supply line,7010631
SHS863WD5N,INSTALLATION SET,628346
BI48SO,Condenser Fan Motor,4200740
BI36UORH,Condenser Fan Motor,4200740
BI36UORH,Therm Freezer Evap,4204740
BI36UORH,Therm Freezer Evap,4204740
BI36UORH,Therm Freezer Evap,4204740
BI36UORH,Therm Freezer Evap,4204740
BI42UFDO,Therm Freezer Evap,4204740
BI42UFDO,Therm Freezer Evap,4204740
BI36UORH,Serrated Flange Nut,6151120
BI36UORH,Serrated Flange Nut,6151120
BI36UORH,Serrated Flange Nut,6151120
BI36UORH,Serrated Flange Nut,6151120
BI36UORH,Serrated Flange Nut,6151120
BI36UORH,Serrated Flange Nut,6151120
BI36UORH,Serrated Flange Nut,6151120
BI36UORH,Serrated Flange Nut,6151120
BI36UORH,Serrated Flange Nut,6151120
BI36UORH,Serrated Flange Nut,6151120
BI36UORH,Serrated Flange Nut,6151120
BI36UORH,Serrated Flange Nut,6151120
BI36UORH,Serrated Flange Nut,6151120
BI36UORH,Serrated Flange Nut,6151120
BI36UORH,Serrated Flange Nut,6151120
BI36UORH,Serrated Flange Nut,6151120
BI36UORH,Serrated Flange Nut,6151120
BI36UORH,Serrated Flange Nut,6151120
BI36UORH,Serrated Flange Nut,6151120
BI36UORH,Serrated Flange Nut,6151120
BI36UORH,Serrated Flange Nut,6151120
BI36UORH,Serrated Flange Nut,6151120
BI36UORH,Serrated Flange Nut,6151120
BI36UORH,Serrated Flange Nut,6151120
BI36UORH,Serrated Flange Nut,6151120
SHS863WD5N,Filter-Fine,751458
SHP865ZP5N,Wheel (4 pack),10016657
SHP865ZP5N,Wheel (4 pack),10016657
SHP878ZP5N,Wheel (4 pack),10016657
SHP878ZP5N,Wheel (4 pack),10016657
SHP878ZP5N,Wheel (4 pack),10016657
SHP865ZP5N,Wheel (4 pack),10016657
SHP878ZP5N,Wheel (4 pack),10016657
SHP878ZP5N,Wheel (4 pack),10016657
SHP865ZP5N,Wheel (4 pack),10016657
SHP878ZP5N,Wheel (4 pack),10016657
SHP878ZP5N,Wheel (4 pack),10016657
SHP878ZP5N,Wheel (4 pack),10016657
SHP878ZP5N,Wheel (4 pack),10016657
SHP878ZP5N,Wheel (4 pack),10016657
SHP865ZP5N,Wheel (4 pack),10016657
SHP878ZP5N,Wheel (4 pack),10016657
SHP878ZP5N,Wheel (4 pack),10016657
SHP878ZP5N,Wheel (4 pack),10016657
SHP878ZP5N,Wheel (4 pack),10016657
SHP865ZP5N,Wheel (4 pack),10016657
SHP865ZP5N,Wheel (4 pack),10016657
SHP865ZP5N,Wheel (4 pack),10016657
SHP865ZP5N,Wheel (4 pack),10016657
SHP878ZP5N,Wheel (4 pack),10016657
SHP878ZP5N,Wheel (4 pack),10016657
SHP865ZP5N,Wheel (4 pack),10016657
SHP865ZP5N,Wheel (4 pack),10016657
SHP878ZP5N,Wheel (4 pack),10016657
SHP878ZP5N,Wheel (4 pack),10016657
SHP865ZP5N,Wheel (4 pack),10016657
SHP865ZP5N,Wheel (4 pack),10016657
SHP878ZP5N,Wheel (4 pack),10016657
SHP865ZP5N,Wheel (4 pack),10016657
SHP878ZP5N,Wheel (4 pack),10016657
SHP878ZP5N,Wheel (4 pack),10016657
SHP865ZP5N,Wheel (4 pack),10016657
SHP865ZP5N,Wheel (4 pack),10016657
SHP865ZP5N,Wheel (4 pack),10016657
SHP865ZP5N,Wheel (4 pack),10016657
SHP865ZP5N,Wheel (4 pack),10016657
SHP865ZP5N,Wheel (4 pack),10016657
SHP865ZP5N,Wheel (4 pack),10016657
SHP865ZP5N,Wheel (4 pack),10016657
SHP878ZP5N,Wheel (4 pack),10016657
SHP878ZP5N,Wheel (4 pack),10016657
SHP878ZP5N,Wheel (4 pack),10016657
SHP865ZP5N,Wheel (4 pack),10016657
SHP865ZP5N,Wheel (4 pack),10016657
SHP865ZP5N,Wheel (4 pack),10016657
SHP865ZP5N,Wheel (4 pack),10016657
SHP865ZP5N,Wheel (4 pack),10016657
SHP865ZP5N,Wheel (4 pack),10016657
SHP865ZP5N,Wheel (4 pack),10016657
SHP878ZP5N,Wheel (4 pack),10016657
SHP865ZP5N,Wheel (4 pack),10016657
BI36UORH,Evap Assembly,7016762
GFW850SPNRS,Boot Gasket Clamp,WH05X29663
GFW850SSNWW,Boot Gasket Clamp,WH05X29663
GFW650SSNWW,Boot Gasket Clamp,WH05X29663
GFW850SSNWW,Boot Gasket Clamp,WH05X29663
GFW850SPNRS,Boot Gasket Clamp,WH05X29663
GFW850SPNRS,Boot Gasket Clamp,WH05X29663
BI42UFDO,Evap Assy,7040374
BI42UFDO,Evap Assy,7040374
GFW850SPNRS,WH22X32457,WH22X32057
GFW650SSNWW,WH22X32457,WH22X32057
GFW650SSNWW,WH22X32457,WH22X32057
GFW650SSNWW,WH22X32457,WH22X32057
GFW650SSNWW,CONTROL PANEL WHITE,WH22X29526
GFW650SSNWW,CONTROL PANEL WHITE,WH22X29526
GFW650SSNWW,EXTERNAL DRAIN HOSE,WH41X29503
GFW850SPNRS,EXTERNAL DRAIN HOSE,WH41X29503
GFW850SPNRS,EXTERNAL DRAIN HOSE,WH41X29503
SHP865ZP5N,Power module programmed,12026970
SHP865ZP5N,Power module programmed,12026970
SHP865ZP5N,Power module programmed,12026970
SHP865ZP5N,Power module programmed,12026970
SHP865ZP5N,Power module programmed,12026970
SHP865ZP5N,Power module programmed,12026970
SHP865ZP5N,Power module programmed,12026970
SHP865ZP5N,Power module programmed,12026970
SHP865ZP5N,Power module programmed,12026970
SHP865ZP5N,Power module programmed,12026970
SHP865ZP5N,Power module programmed,12026970
SHP865ZP5N,Power module programmed,12026970
SHP865ZP5N,Power module programmed,12026970
SHP865ZP5N,Power module programmed,12026970
SHP865ZP5N,Power module programmed,12026970
SHP865ZP5N,Power module programmed,12026970
SHP865ZP5N,Power module programmed,12026970
GFW850SSNWW,WH22X34919,WH22X32062
GFW850SSNWW,WH22X34919,WH22X32062
GFW850SSNWW,WH22X34919,WH22X32062
GFW850SSNWW,WH22X34919,WH22X32062
SHP878ZP5N,Valve-Non Return,611320
GFW850SPNRS,WH03X32138,WH03X29580
SHP878ZP5N,Tool Set,15000508
SHP878ZP5N,Holder,10002103
SHP878ZP5N,Holder,10002103
SHP878ZP5N,Insert,12026939
SHP878ZP5N,Insert,12026939
GFW650SSNWW,Rubber Molded Foot Bolt,WH01X10585
GFW650SSNWW,Rubber Molded Foot Bolt,WH01X10585
GFW650SSNWW,Rubber Molded Foot Bolt,WH01X10585
GFW650SSNWW,Rubber Molded Foot Bolt,WH01X10585
GFW850SSNWW,Rear Cover,WH10X29625
GFW850SSNWW,Control Panel White,WH22X29548
GFW850SSNWW,Control Panel White,WH22X29548
GFW850SSNWW,Control Panel White,WH22X29548
GFW850SPNRS,DISPENSER TRAY HANDLE,WH01X30777
GFW850SSNWW,DISPENSER TRAY HANDLE,WH01X30777
GFW850SSNWW,DISPENSER TRAY HANDLE,WH01X30777
GFW850SSNWW,DISPENSER TRAY HANDLE,WH01X30777
GFW850SSNWW,DISPENSER TRAY HANDLE,WH01X30777
GFW850SPNRS,DISPENSER TRAY HANDLE,WH01X30777
GFW850SSNWW,DISPENSER TRAY HANDLE,WH01X30777
SHP865ZP5N,Insert,12026936
SHP865ZP5N,Insert,12026936
SHP865ZP5N,Insert,12026936
SHP865ZP5N,Wheel,10003421
SHP878ZP5N,Wheel,10003421
SHP865ZP5N,Wheel,10003421
SHP878ZP5N,Handle,10003449
SHP878ZP5N,Handle,10003449
GFW650SSNWW,Suspension Damper,WH03X29516
GFW650SSNWW,Suspension Damper,WH03X29516
GFW650SSNWW,Suspension Damper,WH03X29516
GFW650SSNWW,Suspension Damper,WH03X29516
GFW650SSNWW,Suspension Damper,WH03X29516
GFW650SSNWW,Suspension Damper,WH03X29516
GFW850SPNRS,Suspension Damper,WH03X29516
GFW850SPNRS,Suspension Damper,WH03X29516
GFW650SSNWW,Suspension Damper,WH03X29516
GFW650SSNWW,Suspension Damper,WH03X29516
GFW650SSNWW,Suspension Damper,WH03X29516
GFW650SSNWW,Suspension Damper,WH03X29516
GFW850SSNWW,Suspension Damper,WH03X29516
GFW850SSNWW,Suspension Damper,WH03X29516
GFW850SSNWW,Suspension Damper,WH03X29516
GFW850SSNWW,Suspension Damper,WH03X29516
GFW850SSNWW,Suspension Damper,WH03X29516
GFW850SSNWW,Suspension Damper,WH03X29516
GFW850SSNWW,Suspension Damper,WH03X29516
GFW850SSNWW,Suspension Damper,WH03X29516
GFW650SSNWW,Suspension Damper,WH03X29516
GFW650SSNWW,Suspension Damper,WH03X29516
GFW650SSNWW,Suspension Damper,WH03X29516
GFW650SSNWW,Suspension Damper,WH03X29516
GFW650SSNWW,Suspension Damper,WH03X29516
GFW650SSNWW,Suspension Damper,WH03X29516
GFW650SSNWW,Suspension Damper,WH03X29516
GFW850SPNRS,Suspension Damper,WH03X29516
GFW850SPNRS,Suspension Damper,WH03X29516
GFW850SPNRS,Suspension Damper,WH03X29516
GFW850SPNRS,Suspension Damper,WH03X29516
GFW650SSNWW,Suspension Damper,WH03X29516
GFW650SSNWW,Suspension Damper,WH03X29516
GFW650SSNWW,Suspension Damper,WH03X29516
GFW650SSNWW,Suspension Damper,WH03X29516
GFW850SSNWW,Suspension Damper,WH03X29516
GFW850SSNWW,Suspension Damper,WH03X29516
GFW850SSNWW,Suspension Damper,WH03X29516
GFW850SSNWW,Suspension Damper,WH03X29516
GFW850SSNWW,Suspension Damper,WH03X29516
GFW650SSNWW,Suspension Spring,WH03X29511
GFW650SSNWW,Suspension Spring,WH03X29511
GFW650SSNWW,Suspension Spring,WH03X29511
GFW850SSNWW,Suspension Spring,WH03X29511
GFW850SSNWW,Suspension Spring,WH03X29511
GFW650SSNWW,Pressure Chamber,WH03X29654
GFW850SSNWW,Pressure Chamber,WH03X29654
GFW850SSNWW,Pressure Chamber,WH03X29654
GFW850SSNWW,Pressure Chamber,WH03X29654
GFW650SSNWW,Pressure Chamber,WH03X29654
GFW850SPNRS,Pressure Chamber,WH03X29654
SHS863WD5N,Indicator light,424819
SHP865ZP5N,Indicator light,424819
SHP865ZP5N,Indicator light,424819
SHP865ZP5N,Indicator light,424819
SHP865ZP5N,Indicator light,424819
BI36UORH,"Manifold, water filter",7031815
BI42UFDO,"Manifold, water filter",7031815
BI42UFDO,Screw,6201550
BI42UFDO,Screw,6201550
BI42UFDO,Screw,6201550
BI42UFDO,Screw,6201550
BI42UFDO,Screw,6201550
BI42UFDO,Screw,6201550
BI42UFDO,Screw,6201550
BI42UFDO,Screw,6201550
BI42UFDO,Screw,6201550
BI42UFDO,Screw,6201550
BI42UFDO,Screw,6201550
BI42UFDO,Screw,6201550
BI42UFDO,Screw,6201550
BI42UFDO,Screw,6201550
BI48SO,"Gasket,Door Ref",7023310
BI48SO,"Gasket,Door Ref",7023310
BI48SO,"Gasket,Door Ref",7023310
BI48SO,"Gasket,Door Ref",7023310
BI48SO,"Gasket,Door Ref",7023310
BI48SO,"Gasket,Door Ref",7023310
SHP878ZP5N,Holder,611981
SHP878ZP5N,Holder,611981
SHP865ZP5N,Holder,611981
SHP865ZP5N,Holder,611981
SHP878ZP5N,Holder,611981
SHP878ZP5N,Holder,611981
BI36UORH,EAF Kit,7040987
BI36UORH,EAF Kit,7040987
BI36UORH,EAF Kit,7040987
BI36UORH,EAF Kit,7040987
SHP865ZP5N,Holder,616989
BI36UORH,"EAF Kit",7040986
BI36UORH,"EAF Kit",7040986
BI36UORH,"EAF Kit",7040986
BI36UORH,"EAF Kit",7040986
BI36UORH,"EAF Kit",7040986
BI36UORH,"EAF Kit",7040986
BI36UORH,"EAF Kit",7040986
BI36UORH,"EAF Kit",7040986
BI36UORH,"EAF Kit",7040986
SHP878ZP5N,Holder,617903
SHP878ZP5N,Holder,617903
SHP865ZP5N,Holder,617903
BI42UFDO,Drawer Gasket,7030898
BI42UFDO,Drawer Gasket,7030898
BI42UFDO,Drawer Gasket,7030898
SHP865ZP5N,Spray Head,612114
SHP878ZP5N,10005092,645414
BI42UFDO,"Gasket,Door SVCE (BI-42UFD)",7030897
BI42UFDO,"Gasket,Door SVCE (BI-42UFD)",7030897
BI42UFDO,"Gasket,Door SVCE (BI-42UFD)",7030897
BI42UFDO,"Gasket,Door SVCE (BI-42UFD)",7030897
BI42UFDO,"Gasket,Door SVCE (BI-42UFD)",7030897
BI42UFDO,"Gasket,Door SVCE (BI-42UFD)",7030897
BI36UORH,Fan Guard **MTO**,7011171
BI42UFDO,BULB,7040396
BI36UORH,BULB,7040396
BI42UFDO,BULB,7040396
BI42UFDO,BULB,7040396
SHP878ZP5N,Insert,12014099
SHP878ZP5N,Insert,12014099
SHP878ZP5N,Insert,12014099
SHP878ZP5N,Insert,12014099
SHP878ZP5N,Insert,12014099
SHP878ZP5N,Insert,12014575
SHP878ZP5N,Insert,12014575
SHP878ZP5N,Insert,12014575
SHP878ZP5N,Insert,12014575
SHP878ZP5N,Insert,12014575
SHP878ZP5N,Insert,12014575
SHP865ZP5N,Insert,12014575
SHS863WD5N,Bosch claim no parts,NO PROBLEM
SHS863WD5N,Bosch claim no parts,NO PROBLEM
SHS863WD5N,Bosch claim no parts,NO PROBLEM
SHP865ZP5N,Bosch claim no parts,NO PROBLEM
SHP865ZP5N,Bosch claim no parts,NO PROBLEM
SHS863WD5N,Bosch claim no parts,NO PROBLEM
SHP878ZP5N,Bosch claim no parts,NO PROBLEM
SHP878ZP5N,Bosch claim no parts,NO PROBLEM
SHS863WD5N,Bosch claim no parts,NO PROBLEM
SHP865ZP5N,Bosch claim no parts,NO PROBLEM
SHS863WD5N,Bosch claim no parts,NO PROBLEM
SHP865ZP5N,Bosch claim no parts,NO PROBLEM
SHS863WD5N,Bosch claim no parts,NO PROBLEM
SHP865ZP5N,Bosch claim no parts,NO PROBLEM
SHP878ZP5N,Bosch claim no parts,NO PROBLEM
SHP865ZP5N,Bosch claim no parts,NO PROBLEM
SHP865ZP5N,Bosch claim no parts,NO PROBLEM
SHP865ZP5N,Bosch claim no parts,NO PROBLEM
SHP865ZP5N,Bosch claim no parts,NO PROBLEM
SHP878ZP5N,Bosch claim no parts,NO PROBLEM
SHP865ZP5N,Bosch claim no parts,NO PROBLEM
SHP865ZP5N,Bosch claim no parts,NO PROBLEM
SHP865ZP5N,Bosch claim no parts,NO PROBLEM
SHP865ZP5N,Bosch claim no parts,NO PROBLEM
SHS863WD5N,Bosch claim no parts,NO PROBLEM
SHP865ZP5N,Bosch claim no parts,NO PROBLEM
SHP865ZP5N,Bosch claim no parts,NO PROBLEM
SHS863WD5N,Bosch claim no parts,NO PROBLEM
SHS863WD5N,Bosch claim no parts,NO PROBLEM
SHP865ZP5N,Bosch claim no parts,NO PROBLEM
SHS863WD5N,Bosch claim no parts,NO PROBLEM
SHS863WD5N,Bosch claim no parts,NO PROBLEM
SHS863WD5N,Bosch claim no parts,NO PROBLEM
SHS863WD5N,Bosch claim no parts,NO PROBLEM
SHS863WD5N,Bosch claim no parts,NO PROBLEM
SHS863WD5N,Bosch claim no parts,NO PROBLEM
SHS863WD5N,Bosch claim no parts,NO PROBLEM
SHS863WD5N,Bosch claim no parts,NO PROBLEM
SHS863WD5N,Bosch claim no parts,NO PROBLEM
SHS863WD5N,Bosch claim no parts,NO PROBLEM
SHP865ZP5N,Bosch claim no parts,NO PROBLEM
SHP865ZP5N,Bosch claim no parts,NO PROBLEM
SHS863WD5N,Bosch claim no parts,NO PROBLEM
SHP865ZP5N,Bosch claim no parts,NO PROBLEM
SHS863WD5N,Bosch claim no parts,NO PROBLEM
SHP865ZP5N,Bosch claim no parts,NO PROBLEM
SHS863WD5N,Bosch claim no parts,NO PROBLEM
SHS863WD5N,Bosch claim no parts,NO PROBLEM
SHS863WD5N,Bosch claim no parts,NO PROBLEM
SHP865ZP5N,Bosch claim no parts,NO PROBLEM
SHP865ZP5N,Bosch claim no parts,NO PROBLEM
SHP865ZP5N,Bosch claim no parts,NO PROBLEM
SHP865ZP5N,Bosch claim no parts,NO PROBLEM
SHP878ZP5N,Bosch claim no parts,NO PROBLEM
SHS863WD5N,Bosch claim no parts,NO PROBLEM
SHP865ZP5N,Bosch claim no parts,NO PROBLEM
SHP865ZP5N,Bosch claim no parts,NO PROBLEM
SHP865ZP5N,Bosch claim no parts,NO PROBLEM
SHP878ZP5N,Bosch claim no parts,NO PROBLEM
SHP865ZP5N,Bosch claim no parts,NO PROBLEM
SHP865ZP5N,Bosch claim no parts,NO PROBLEM
SHP865ZP5N,Bosch claim no parts,NO PROBLEM
SHS863WD5N,Bosch claim no parts,NO PROBLEM
SHP878ZP5N,Bosch claim no parts,NO PROBLEM
SHP878ZP5N,Bosch claim no parts,NO PROBLEM
SHP878ZP5N,Bosch claim no parts,NO PROBLEM
SHP865ZP5N,Bosch claim no parts,NO PROBLEM
SHP865ZP5N,Bosch claim no parts,NO PROBLEM
SHP865ZP5N,Bosch claim no parts,NO PROBLEM
SHP878ZP5N,Bosch claim no parts,NO PROBLEM
SHP878ZP5N,Bosch claim no parts,NO PROBLEM
SHP865ZP5N,Bosch claim no parts,NO PROBLEM
SHP865ZP5N,Bosch claim no parts,NO PROBLEM
SHS863WD5N,Bosch claim no parts,NO PROBLEM
SHP865ZP5N,Bosch claim no parts,NO PROBLEM
SHP878ZP5N,Bosch claim no parts,NO PROBLEM
SHP865ZP5N,Bosch claim no parts,NO PROBLEM
SHP878ZP5N,Bosch claim no parts,NO PROBLEM
SHP865ZP5N,Bosch claim no parts,NO PROBLEM
SHP865ZP5N,Bosch claim no parts,NO PROBLEM
SHP878ZP5N,Bosch claim no parts,NO PROBLEM
SHP878ZP5N,Bosch claim no parts,NO PROBLEM
SHS863WD5N,Bosch claim no parts,NO PROBLEM
SHP878ZP5N,Bosch claim no parts,NO PROBLEM
SHP865ZP5N,Bosch claim no parts,NO PROBLEM
SHP865ZP5N,Bosch claim no parts,NO PROBLEM
SHP878ZP5N,Bosch claim no parts,NO PROBLEM
SHP878ZP5N,Bosch claim no parts,NO PROBLEM
SHP865ZP5N,Bosch claim no parts,NO PROBLEM
SHP865ZP5N,Bosch claim no parts,NO PROBLEM
SHP878ZP5N,Bosch claim no parts,NO PROBLEM
SHS863WD5N,Bosch claim no parts,NO PROBLEM
SHP878ZP5N,Bosch claim no parts,NO PROBLEM
SHS863WD5N,Bosch claim no parts,NO PROBLEM
SHP878ZP5N,Bosch claim no parts,NO PROBLEM
SHP878ZP5N,Bosch claim no parts,NO PROBLEM
SHP878ZP5N,Bosch claim no parts,NO PROBLEM
SHP865ZP5N,Bosch claim no parts,NO PROBLEM
SHP878ZP5N,Bosch claim no parts,NO PROBLEM
SHS863WD5N,Bosch claim no parts,NO PROBLEM
SHP865ZP5N,Bosch claim no parts,NO PROBLEM
SHP865ZP5N,Bosch claim no parts,NO PROBLEM
SHP865ZP5N,Bosch claim no parts,NO PROBLEM
SHP865ZP5N,Bosch claim no parts,NO PROBLEM
SHP865ZP5N,Bosch claim no parts,NO PROBLEM
SHP878ZP5N,Bosch claim no parts,NO PROBLEM
SHP865ZP5N,Bosch claim no parts,NO PROBLEM
SHP865ZP5N,Bosch claim no parts,NO PROBLEM
SHP865ZP5N,Bosch claim no parts,NO PROBLEM
SHP878ZP5N,Bosch claim no parts,NO PROBLEM
SHP878ZP5N,Bosch claim no parts,NO PROBLEM
SHP878ZP5N,Bosch claim no parts,NO PROBLEM
SHP865ZP5N,Bosch claim no parts,NO PROBLEM
SHP865ZP5N,Bosch claim no parts,NO PROBLEM
SHP878ZP5N,Bosch claim no parts,NO PROBLEM
SHS863WD5N,Bosch claim no parts,NO PROBLEM
SHP865ZP5N,Bosch claim no parts,NO PROBLEM
SHP865ZP5N,Bosch claim no parts,NO PROBLEM
SHS863WD5N,Bosch claim no parts,NO PROBLEM
SHP865ZP5N,Bosch claim no parts,NO PROBLEM
SHP865ZP5N,Bosch claim no parts,NO PROBLEM
SHP865ZP5N,Bosch claim no parts,NO PROBLEM
SHP865ZP5N,Bosch claim no parts,NO PROBLEM
SHP865ZP5N,Bosch claim no parts,NO PROBLEM
SHP878ZP5N,Bosch claim no parts,NO PROBLEM
SHP878ZP5N,Bosch claim no parts,NO PROBLEM
SHP865ZP5N,Bosch claim no parts,NO PROBLEM
SHS863WD5N,Bosch claim no parts,NO PROBLEM
SHS863WD5N,Bosch claim no parts,NO PROBLEM
SHP865ZP5N,Bosch claim no parts,NO PROBLEM
SHP878ZP5N,Bosch claim no parts,NO PROBLEM
SHP878ZP5N,Bosch claim no parts,NO PROBLEM
SHS863WD5N,Bosch claim no parts,NO PROBLEM
SHP878ZP5N,Bosch claim no parts,NO PROBLEM
SHP878ZP5N,Bosch claim no parts,NO PROBLEM
SHP865ZP5N,Bosch claim no parts,NO PROBLEM
SHP865ZP5N,Bosch claim no parts,NO PROBLEM
SHS863WD5N,Bosch claim no parts,NO PROBLEM
SHP865ZP5N,Bosch claim no parts,NO PROBLEM
SHP878ZP5N,Bosch claim no parts,NO PROBLEM
SHP878ZP5N,Bosch claim no parts,NO PROBLEM
SHP865ZP5N,Bosch claim no parts,NO PROBLEM
SHP878ZP5N,Bosch claim no parts,NO PROBLEM
SHP865ZP5N,Bosch claim no parts,NO PROBLEM
SHP878ZP5N,Bosch claim no parts,NO PROBLEM
SHP865ZP5N,Bosch claim no parts,NO PROBLEM
SHS863WD5N,Bosch claim no parts,NO PROBLEM
SHP878ZP5N,Bosch claim no parts,NO PROBLEM
SHP878ZP5N,Bosch claim no parts,NO PROBLEM
SHP865ZP5N,Bosch claim no parts,NO PROBLEM
SHP865ZP5N,Bosch claim no parts,NO PROBLEM
SHP865ZP5N,Bosch claim no parts,NO PROBLEM
SHP865ZP5N,Bosch claim no parts,NO PROBLEM
SHP865ZP5N,Bosch claim no parts,NO PROBLEM
SHS863WD5N,Bosch claim no parts,NO PROBLEM
SHP865ZP5N,Bosch claim no parts,NO PROBLEM
SHP878ZP5N,Bosch claim no parts,NO PROBLEM
SHS863WD5N,Bosch claim no parts,NO PROBLEM
SHS863WD5N,Bosch claim no parts,NO PROBLEM
SHP865ZP5N,Bosch claim no parts,NO PROBLEM
SHP865ZP5N,Bosch claim no parts,NO PROBLEM
SHP865ZP5N,Bosch claim no parts,NO PROBLEM
SHP865ZP5N,Bosch claim no parts,NO PROBLEM
SHP865ZP5N,Bosch claim no parts,NO PROBLEM
SHP865ZP5N,Bosch claim no parts,NO PROBLEM
SHP865ZP5N,Bosch claim no parts,NO PROBLEM
SHS863WD5N,Bosch claim no parts,NO PROBLEM
SHP865ZP5N,Bosch claim no parts,NO PROBLEM
SHP865ZP5N,Bosch claim no parts,NO PROBLEM
SHP865ZP5N,Bosch claim no parts,NO PROBLEM
SHP878ZP5N,Bosch claim no parts,NO PROBLEM
SHP865ZP5N,Bosch claim no parts,NO PROBLEM
SHP878ZP5N,RAIL-PULL OUT,12014546
SHP878ZP5N,RAIL-PULL OUT,12014546
SHP878ZP5N,insert,12014098
SHP878ZP5N,insert,12014098
SHP878ZP5N,insert,12014098
SHP878ZP5N,insert,12014098
SHP878ZP5N,insert,12014098
BI48SO,"Kit Crk Svce",7040489
BI48SO,"Kit Crk Svce",7040489
BI48SO,"Shelf Assy,Door Standard",7010665
BI48SO,"Shelf Assy,Door Standard",7010665
SHP878ZP5N,Sealing,636867
SHP878ZP5N,Sealing,636867
SHP878ZP5N,Sealing,636867
SHP878ZP5N,Sealing,636867
SHP878ZP5N,Sealing,636867
SHP878ZP5N,Sealing,636867
SHP878ZP5N,Sealing,636867
GFW650SSNWW,Damper Vent,WH16X29509
GFW650SSNWW,Damper Vent,WH16X29509
GFW850SSNWW,Damper Vent,WH16X29509
GFW850SSNWW,Damper Vent,WH16X29509
GFW650SSNWW,Damper Vent,WH16X29509
GFW650SSNWW,Damper Vent,WH16X29509
GFW850SSNWW,Damper Vent,WH16X29509
SHP878ZP5N,Switch,10007701
GFW650SSNWW,Screw,WH02X26240
GFW650SSNWW,WH22X34918,WH22X32061
GFW650SSNWW,WH22X34918,WH22X32061
GFW850SSNWW,Dispenser Fill Hose,WH01X29652
GFW650SSNWW,Dispenser Fill Hose,WH01X29652
GFW850SSNWW,Dispenser Fill Hose,WH01X29652
GFW650SSNWW,Dispenser Fill Hose,WH01X29652
GFW650SSNWW,Dispenser Fill Hose,WH01X29652
GFW850SSNWW,Dispenser Fill Hose,WH01X29652
GFW650SSNWW,Dispenser Fill Hose,WH01X29652
GFW650SSNWW,Dispenser Fill Hose,WH01X29652
GFW650SSNWW,Dispenser Fill Hose,WH01X29652
GFW650SSNWW,Dispenser Fill Hose,WH01X29652
GFW650SSNWW,Dispenser Fill Hose,WH01X29652
GFW850SPNRS,Dispenser Fill Hose,WH01X29652
GFW650SSNWW,Dispenser Fill Hose,WH01X29652
GFW850SSNWW,Dispenser Fill Hose,WH01X29652
GFW850SPNRS,Dispenser Fill Hose,WH01X29652
GFW850SSNWW,Dispenser Fill Hose,WH01X29652
GFW850SSNWW,Dispenser Fill Hose,WH01X29652
GFW850SSNWW,Dispenser Fill Hose,WH01X29652
GFW850SSNWW,Dispenser Fill Hose,WH01X29652
GFW850SSNWW,Dispenser Fill Hose,WH01X29652
GFW850SSNWW,Dispenser Fill Hose,WH01X29652
GFW650SSNWW,Dispenser Fill Hose,WH01X29652
GFW850SPNRS,Dispenser Fill Hose Nozzle,WH41X29621
GFW650SSNWW,Dispenser Fill Hose Nozzle,WH41X29621
GFW850SPNRS,Dispenser Fill Hose Nozzle,WH41X29621
GFW650SSNWW,Dispenser Fill Hose Nozzle,WH41X29621
GFW850SSNWW,Dispenser Fill Hose Nozzle,WH41X29621
BI42UFDO,"Trim,Drawer Bottom SVCE (BI-42UFD)",7030900
BI42UFDO,"Trim,Drawer Bottom SVCE (BI-42UFD)",7030900
BI42UFDO,"Trim,Drawer Top SVCE (BI-42UFD/O) (MTO)",7030899
BI42UFDO,"Trim,Drawer Top SVCE (BI-42UFD/O) (MTO)",7030899
BI42UFDO,"Trim,Drawer Top SVCE (BI-42UFD/O) (MTO)",7030899
GFW650SSNWW,WH22X34659,WH22X32457
GFW850SSNWW,WH22X34659,WH22X32457
GFW650SSNWW,WH22X34659,WH22X32457
GFW650SSNWW,WH22X34659,WH22X32457
GFW850SPNRS,WH22X34659,WH22X32457
SHP878ZP5N,Insert,12026938
GFW650SSNWW,WH22X35837,WH22X32059
GFW850SPNRS,WH22X35837,WH22X32059
GFW850SPNRS,GFCI Service Kit,WH22X32797
GFW850SSNWW,GFCI Service Kit,WH22X32797
GFW850SSNWW,GFCI Service Kit,WH22X32797
GFW850SSNWW,GFCI Service Kit,WH22X32797
GFW850SSNWW,GFCI Service Kit,WH22X32797
GFW650SSNWW,GFCI Service Kit,WH22X32797
GFW850SSNWW,GFCI Service Kit,WH22X32797
GFW650SSNWW,GFCI Service Kit,WH22X32797
GFW850SPNRS,GFCI Service Kit,WH22X32797
GFW850SPNRS,GFCI Service Kit,WH22X32797
GFW650SSNWW,GFCI Service Kit,WH22X32797
GFW650SSNWW,GFCI Service Kit,WH22X32797
GFW650SSNWW,GFCI Service Kit,WH22X32797
GFW650SSNWW,GFCI Service Kit,WH22X32797
GFW650SSNWW,GFCI Service Kit,WH22X32797
GFW850SSNWW,GFCI Service Kit,WH22X32797
GFW850SPNRS,GFCI Service Kit,WH22X32797
GFW850SSNWW,GFCI Service Kit,WH22X32797
GFW650SSNWW,GFCI Service Kit,WH22X32797
GFW850SPNRS,GFCI Service Kit,WH22X32797
GFW850SSNWW,GFCI Service Kit,WH22X32797
BI42UFDO,Inverter,7031794
BI48SO,"Heater,Fill Tube",7041367
BI42UFDO,"Switch,Defrost Terminator SVCE",7011174
BI36UORH,"Switch,Defrost Terminator SVCE",7011174
SHP878ZP5N,Control module Knob Board,10005470
SHP878ZP5N,Power Cord,12027214
SHP865ZP5N,Power Cord,12027214
SHP865ZP5N,Power Cord,12027214
SHS863WD5N,Power Cord,12027214
SHP878ZP5N,Power Cord,12027214
SHS863WD5N,Power Cord,12027214
SHP865ZP5N,Power Cord,12027214
BI48SO,Silver Drain Tube,7041728
BI48SO,Silver Drain Tube,7041728
BI48SO,Silver Drain Tube,7041728
BI48SO,Silver Drain Tube,7041728
BI48SO,Silver Drain Tube,7041728
BI48SO,Silver Drain Tube,7041728
BI48SO,Silver Drain Tube,7041728
BI48SO,Silver Drain Tube,7041728
BI48SO,Silver Drain Tube,7041728
BI48SO,Silver Drain Tube,7041728
BI48SO,Silver Drain Tube,7041728
BI48SO,Silver Drain Tube,7041728
SHP878ZP5N,Installation Set,10016054
SHP878ZP5N,Installation Set,10016054
SHP878ZP5N,Installation Set,10016054
BI42UFDO,Drawer Closer,7031889
GFW650SSNWW,TUB TO PUMP HOSE,WH41X29628
GFW650SSNWW,Dispenser Drawer,WH42X29535
GFW650SSNWW,Dispenser Drawer,WH42X29535
GFW650SSNWW,Dispenser Drawer,WH42X29535
GFW650SSNWW,Dispenser Drawer,WH42X29535
GFW650SSNWW,Dispenser Drawer,WH42X29535
GFW650SSNWW,Dispenser Drawer,WH42X29535
GFW650SSNWW,Dispenser Drawer,WH42X29535
GFW650SSNWW,Dispenser Drawer,WH42X29535
GFW650SSNWW,Dispenser Drawer,WH42X29535
GFW650SSNWW,Dispenser Drawer,WH42X29535
GFW650SSNWW,Dispenser Drawer,WH42X29535
GFW650SSNWW,Dispenser Drawer,WH42X29535
GFW650SSNWW,Dispenser Drawer,WH42X29535
GFW650SSNWW,Dispenser Drawer,WH42X29535
GFW650SSNWW,Dispenser Drawer,WH42X29535
GFW650SSNWW,Dispenser Drawer,WH42X29535
GFW650SSNWW,Dispenser Drawer,WH42X29535
GFW650SSNWW,Dispenser Drawer,WH42X29535
GFW650SSNWW,Dispenser Drawer,WH42X29535
GFW650SSNWW,Dispenser Drawer,WH42X29535
GFW650SSNWW,Dispenser Drawer,WH42X29535
GFW650SSNWW,Dispenser Drawer,WH42X29535
GFW650SSNWW,Dispenser Drawer,WH42X29535
GFW650SSNWW,Dispenser Drawer,WH42X29535
GFW650SSNWW,Dispenser Drawer,WH42X29535
GFW650SSNWW,Dispenser Drawer,WH42X29535
GFW650SSNWW,Dispenser Drawer,WH42X29535
GFW650SSNWW,Dispenser Drawer,WH42X29535
GFW650SSNWW,Dispenser Drawer,WH42X29535
GFW650SSNWW,Dispenser Drawer,WH42X29535
GFW650SSNWW,Dispenser Drawer,WH42X29535
GFW650SSNWW,Dispenser Drawer,WH42X29535
GFW650SSNWW,Dispenser Drawer,WH42X29535
GFW650SSNWW,Dispenser Drawer,WH42X29535
GFW650SSNWW,Dispenser Drawer,WH42X29535
GFW650SSNWW,Dispenser Drawer,WH42X29535
GFW650SSNWW,Dispenser Drawer,WH42X29535
GFW650SSNWW,Dispenser Drawer,WH42X29535
GFW650SSNWW,Dispenser Drawer,WH42X29535
GFW650SSNWW,Dispenser Drawer,WH42X29535
BI42UFDO,Diffuser Assy Glass,7030891
BI36UORH,"Hinge,Mid RH",7010287
SHP878ZP5N,Cable Harness,12025340
SHS863WD5N,Mounting Brackets,619985
SHS863WD5N,Mounting Brackets,619985
SHP865ZP5N,Mounting Brackets,619985
SHP865ZP5N,Mounting Brackets,619985
SHP865ZP5N,Mounting Brackets,619985
SHP865ZP5N,Mounting Brackets,619985
SHS863WD5N,Mounting Brackets,619985
SHS863WD5N,Mounting Brackets,619985
SHS863WD5N,Mounting Brackets,619985
SHS863WD5N,Mounting Brackets,619985
SHS863WD5N,Mounting Brackets,619985
SHS863WD5N,Mounting Brackets,619985
SHS863WD5N,Mounting Brackets,619985
SHS863WD5N,Mounting Brackets,619985
SHS863WD5N,Mounting Brackets,619985
SHS863WD5N,Mounting Brackets,619985
SHP878ZP5N,Mounting Brackets,619985
SHP865ZP5N,Mounting Brackets,619985
SHP865ZP5N,Mounting Brackets,619985
SHS863WD5N,Panel Base,745002
SHS863WD5N,Panel Base,745002
SHS863WD5N,Panel Base,745002
SHP865ZP5N,Clip,611474
SHP865ZP5N,Clip,611474
SHP865ZP5N,Yale Appliance Stainless Steel Cleaner,CLEANERSS
SHP865ZP5N,Yale Appliance Stainless Steel Cleaner,CLEANERSS
BI48SO,Yale Appliance Stainless Steel Cleaner,CLEANERSS
BI48SO,Yale Appliance Stainless Steel Cleaner,CLEANERSS
BI42UFDO,Yale Appliance Stainless Steel Cleaner,CLEANERSS
BI36UORH,Yale Appliance Stainless Steel Cleaner,CLEANERSS
BI36UORH,Yale Appliance Stainless Steel Cleaner,CLEANERSS
BI36UORH,Yale Appliance Stainless Steel Cleaner,CLEANERSS
BI36UORH,Yale Appliance Stainless Steel Cleaner,CLEANERSS
SHP865ZP5N,Yale Appliance Stainless Steel Cleaner,CLEANERSS
BI42UFDO,Yale Appliance Stainless Steel Cleaner,CLEANERSS
BI48SO,Yale Appliance Stainless Steel Cleaner,CLEANERSS
BI36UORH,Yale Appliance Stainless Steel Cleaner,CLEANERSS
BI48SO,Yale Appliance Stainless Steel Cleaner,CLEANERSS
BI48SO,Yale Appliance Stainless Steel Cleaner,CLEANERSS
BI42UFDO,Yale Appliance Stainless Steel Cleaner,CLEANERSS
BI42UFDO,Yale Appliance Stainless Steel Cleaner,CLEANERSS
BI42UFDO,Yale Appliance Stainless Steel Cleaner,CLEANERSS
GFW850SPNRS,Yale Appliance Stainless Steel Cleaner,CLEANERSS
BI36UORH,Yale Appliance Stainless Steel Cleaner,CLEANERSS
BI42UFDO,Yale Appliance Stainless Steel Cleaner,CLEANERSS
BI42UFDO,Yale Appliance Stainless Steel Cleaner,CLEANERSS
BI42UFDO,Yale Appliance Stainless Steel Cleaner,CLEANERSS
BI36UORH,Yale Appliance Stainless Steel Cleaner,CLEANERSS
BI48SO,Yale Appliance Stainless Steel Cleaner,CLEANERSS
BI42UFDO,Yale Appliance Stainless Steel Cleaner,CLEANERSS
BI48SO,Yale Appliance Stainless Steel Cleaner,CLEANERSS
BI42UFDO,Yale Appliance Stainless Steel Cleaner,CLEANERSS
BI36UORH,Yale Appliance Stainless Steel Cleaner,CLEANERSS
BI36UORH,Yale Appliance Stainless Steel Cleaner,CLEANERSS
BI36UORH,Yale Appliance Stainless Steel Cleaner,CLEANERSS
BI36UORH,Yale Appliance Stainless Steel Cleaner,CLEANERSS
BI42UFDO,Yale Appliance Stainless Steel Cleaner,CLEANERSS
BI36UORH,Yale Appliance Stainless Steel Cleaner,CLEANERSS
BI48SO,Yale Appliance Stainless Steel Cleaner,CLEANERSS
BI42UFDO,Yale Appliance Stainless Steel Cleaner,CLEANERSS
BI42UFDO,Yale Appliance Stainless Steel Cleaner,CLEANERSS
BI36UORH,Yale Appliance Stainless Steel Cleaner,CLEANERSS
BI36UORH,Yale Appliance Stainless Steel Cleaner,CLEANERSS
BI36UORH,Yale Appliance Stainless Steel Cleaner,CLEANERSS
BI36UORH,Yale Appliance Stainless Steel Cleaner,CLEANERSS
BI42UFDO,Yale Appliance Stainless Steel Cleaner,CLEANERSS
BI48SO,Yale Appliance Stainless Steel Cleaner,CLEANERSS
BI48SO,Yale Appliance Stainless Steel Cleaner,CLEANERSS
BI36UORH,Yale Appliance Stainless Steel Cleaner,CLEANERSS
BI36UORH,Yale Appliance Stainless Steel Cleaner,CLEANERSS
GFW650SSNWW,Yale Appliance Stainless Steel Cleaner,CLEANERSS
BI48SO,Yale Appliance Stainless Steel Cleaner,CLEANERSS
BI48SO,Yale Appliance Stainless Steel Cleaner,CLEANERSS
BI48SO,Yale Appliance Stainless Steel Cleaner,CLEANERSS
BI48SO,Yale Appliance Stainless Steel Cleaner,CLEANERSS
BI48SO,Yale Appliance Stainless Steel Cleaner,CLEANERSS
BI36UORH,Yale Appliance Stainless Steel Cleaner,CLEANERSS
BI42UFDO,Yale Appliance Stainless Steel Cleaner,CLEANERSS
BI36UORH,Yale Appliance Stainless Steel Cleaner,CLEANERSS
BI48SO,Yale Appliance Stainless Steel Cleaner,CLEANERSS
BI48SO,Yale Appliance Stainless Steel Cleaner,CLEANERSS
BI48SO,Yale Appliance Stainless Steel Cleaner,CLEANERSS
BI48SO,Yale Appliance Stainless Steel Cleaner,CLEANERSS
BI36UORH,Yale Appliance Stainless Steel Cleaner,CLEANERSS
BI42UFDO,Yale Appliance Stainless Steel Cleaner,CLEANERSS
BI36UORH,Yale Appliance Stainless Steel Cleaner,CLEANERSS
BI36UORH,Yale Appliance Stainless Steel Cleaner,CLEANERSS
BI36UORH,Yale Appliance Stainless Steel Cleaner,CLEANERSS
BI36UORH,Yale Appliance Stainless Steel Cleaner,CLEANERSS
BI36UORH,Yale Appliance Stainless Steel Cleaner,CLEANERSS
BI48SO,Yale Appliance Stainless Steel Cleaner,CLEANERSS
BI48SO,Yale Appliance Stainless Steel Cleaner,CLEANERSS
BI48SO,Yale Appliance Stainless Steel Cleaner,CLEANERSS
BI48SO,Yale Appliance Stainless Steel Cleaner,CLEANERSS
BI48SO,Yale Appliance Stainless Steel Cleaner,CLEANERSS
BI36UORH,Yale Appliance Stainless Steel Cleaner,CLEANERSS
BI48SO,Yale Appliance Stainless Steel Cleaner,CLEANERSS
BI36UORH,Yale Appliance Stainless Steel Cleaner,CLEANERSS
BI42UFDO,Yale Appliance Stainless Steel Cleaner,CLEANERSS
BI48SO,Yale Appliance Stainless Steel Cleaner,CLEANERSS
BI36UORH,Yale Appliance Stainless Steel Cleaner,CLEANERSS
BI36UORH,Yale Appliance Stainless Steel Cleaner,CLEANERSS
BI48SO,Yale Appliance Stainless Steel Cleaner,CLEANERSS
BI48SO,Yale Appliance Stainless Steel Cleaner,CLEANERSS
BI36UORH,Yale Appliance Stainless Steel Cleaner,CLEANERSS
SHP878ZP5N,Trim Strip Set,744998
SHP878ZP5N,Trim Strip Set,744998
SHP865ZP5N,Trim Strip Set,744998
SHP865ZP5N,Trim Strip Set,744998
SHP865ZP5N,Trim Strip Set,744998
SHP865ZP5N,Trim Strip Set,744998
SHP878ZP5N,Trim Strip Set,744998
BI48SO,Gasket,7017321
BI48SO,Gasket,7017321
BI48SO,"Base Assy Cabinet",7006982
BI48SO,"Base Assy Cabinet",7006982
SHP878ZP5N,10023852,628334
SHP878ZP5N,10023852,628334
SHP865ZP5N,10023852,628334
SHP878ZP5N,10023852,628334
SHP865ZP5N,10023852,628334
SHS863WD5N,10023852,628334
SHS863WD5N,10023852,628334
SHP878ZP5N,10023852,628334
SHP878ZP5N,10023852,628334
SHP865ZP5N,10023852,628334
SHS863WD5N,10023852,628334
SHP865ZP5N,10023852,628334
SHP865ZP5N,10023852,628334
SHP865ZP5N,10023852,628334
SHP865ZP5N,10023852,628334
SHP878ZP5N,10023852,628334
SHS863WD5N,10023852,628334
SHS863WD5N,10023852,628334
SHP878ZP5N,10023852,628334
SHS863WD5N,10023852,628334
SHS863WD5N,10023852,628334
SHP878ZP5N,10023852,628334
SHP865ZP5N,10023852,628334
SHP865ZP5N,10023852,628334
SHP878ZP5N,10023852,628334
SHP865ZP5N,10023852,628334
SHS863WD5N,10023852,628334
SHS863WD5N,10023852,628334
SHS863WD5N,10023852,628334
SHP878ZP5N,10023852,628334
SHP878ZP5N,10023852,628334
SHP865ZP5N,10023852,628334
SHP865ZP5N,10023852,628334
SHP878ZP5N,10023852,628334
SHP878ZP5N,10023852,628334
SHP878ZP5N,10023852,628334
SHP865ZP5N,10023852,628334
SHP865ZP5N,10023852,628334
SHP878ZP5N,10023852,628334
SHP865ZP5N,10023852,628334
SHP878ZP5N,10023852,628334
SHP865ZP5N,Hose,751457
SHP878ZP5N,Lock,630784
SHS863WD5N,Lock,630784
SHP878ZP5N,Lock,630784
SHP878ZP5N,Lock,630784
SHS863WD5N,Lock,630784
SHS863WD5N,Lock,630784
SHP878ZP5N,Lock,630784
SHP878ZP5N,Lock,630784
SHP878ZP5N,Lock,630784
SHS863WD5N,Lock,630784
SHS863WD5N,Fixing Kit,619016
SHP878ZP5N,Screw Mounting,189670
SHS863WD5N,Screw Mounting,189670
SHS863WD5N,Screw Mounting,189670
SHP865ZP5N,Screw Mounting,189670
SHP865ZP5N,Strip,745001
SHP865ZP5N,Strip,745001
SHS863WD5N,Drain Hose,744881
SHP865ZP5N,Drain Hose,744881
SHP865ZP5N,Drain Hose,744881
SHP865ZP5N,Drain Hose,744881
SHS863WD5N,Drain Hose,744881
SHP878ZP5N,Drain Hose,744881
SHP865ZP5N,Drain Hose,744881
SHP865ZP5N,Drain Hose,744881
SHP865ZP5N,Drain Hose,744881
SHP865ZP5N,Drain Hose,744881
SHS863WD5N,Drain Hose,744881
SHS863WD5N,Drain Hose,744881
SHP878ZP5N,Drain Hose,744881
SHP865ZP5N,Drain Hose,744881
SHP878ZP5N,Drain Hose,744881
SHP865ZP5N,Drain Hose,744881
SHS863WD5N,Drain Hose,744881
SHP878ZP5N,Drain Hose,744881
SHS863WD5N,Potentiometer,629722
SHS863WD5N,Potentiometer,629722
SHP865ZP5N,Spray Arm Lower,744883
SHP878ZP5N,Spray Arm Lower,744883
SHP878ZP5N,Spray Arm Lower,744883
SHP865ZP5N,Screw,188670
SHP878ZP5N,Screw,188670
SHP878ZP5N,Screw,188670
SHP865ZP5N,Screw,188670
SHP865ZP5N,Panel-Base,746492
SHP878ZP5N,Panel-Base,746492
SHP878ZP5N,Panel-Base,746492
SHP878ZP5N,Panel-Base,746492
SHS863WD5N,Panel-Base,746492
SHP865ZP5N,Panel-Base,746492
SHP865ZP5N,Panel-Base,746492
SHP878ZP5N,Panel-Base,746492
SHP865ZP5N,Panel-Base,746492
SHP865ZP5N,Panel-Base,746492
SHP878ZP5N,Panel-Base,746492
SHP878ZP5N,Support,628336
SHP878ZP5N,Support,628336
SHP878ZP5N,Support,628336
SHP878ZP5N,Support,628336
SHP878ZP5N,Support,628336
SHP878ZP5N,Support,628336
SHP878ZP5N,Support,628336
SHP878ZP5N,Support,628336
SHP878ZP5N,Support,628336
SHP865ZP5N,Support,628336
SHP865ZP5N,Support,628336
SHP865ZP5N,Support,628336
SHP865ZP5N,Support,628336
BI42UFDO,"Retainer Upper Basket",7011162
SHS863WD5N,Door-Inner,770025
SHP865ZP5N,Door-Inner,770025
SHP865ZP5N,Door-Inner,770025
SHP865ZP5N,Door-Inner,770025
SHP865ZP5N,Door-Inner,770025
SHP878ZP5N,Door-Inner,770025
SHP878ZP5N,Door-Inner,770025
SHP865ZP5N,Door-Inner,770025
SHP865ZP5N,Door-Inner,770025
SHP878ZP5N,Door-Inner,770025
SHP865ZP5N,Door-Inner,770025
SHP878ZP5N,Door-Inner,770025
SHP878ZP5N,Door-Inner,770025
SHP878ZP5N,Door-Inner,770025
SHP865ZP5N,Door-Inner,770025
SHP865ZP5N,Door-Inner,770025
SHP865ZP5N,Door-Inner,770025
SHP865ZP5N,Door-Inner,770025
SHP865ZP5N,Lever,752103
SHP865ZP5N,Lever,752103
SHP878ZP5N,Lever,752103
SHP865ZP5N,Lever,752103
SHP878ZP5N,Lever,752103
SHP878ZP5N,Lever,752103
SHP865ZP5N,Lever,752103
SHP865ZP5N,Lever,752103
SHP865ZP5N,Lever,752103
SHP865ZP5N,Lever,752103
SHP865ZP5N,Lever,752103
SHP865ZP5N,Lever,752103
SHP865ZP5N,Lever,752103
SHP878ZP5N,Lever,752103
SHP865ZP5N,Lever,752103
SHP865ZP5N,Lever,752103
SHP865ZP5N,Lever,752103
SHP865ZP5N,Lever,752102
SHP865ZP5N,Lever,752102
SHP865ZP5N,Lever,752102
SHP878ZP5N,Lever,752102
SHP865ZP5N,Lever,752102
SHP865ZP5N,Lever,752102
SHP865ZP5N,Lever,752102
SHP865ZP5N,Lever,752102
SHP865ZP5N,Lever,752102
SHP865ZP5N,Lever,752102
SHP865ZP5N,Lever,752102
SHP865ZP5N,Lever,752102
SHP878ZP5N,Lever,752102
SHP865ZP5N,Lever,752102
SHP878ZP5N,Lever,752102
SHP878ZP5N,Lever,752102
SHP865ZP5N,Lever,752102
SHP865ZP5N,Lever,752102
SHP865ZP5N,Spray Arm,745856
SHP878ZP5N,Spray Arm,745856
SHS863WD5N,Spray Arm,745856
SHS863WD5N,Spray Arm,745856
SHP865ZP5N,Spray Arm,745856
SHP865ZP5N,Spray Arm,745856
SHP878ZP5N,Spray Arm,745856
SHP865ZP5N,Spray Arm,745856
SHP865ZP5N,Spray Arm,745856
SHP878ZP5N,Spray Arm,745856
SHS863WD5N,Spray Arm,745856
SHP865ZP5N,Spray Arm,745856
SHP878ZP5N,Spray Arm,745856
SHP878ZP5N,Spray Arm,745856
SHS863WD5N,Spray Arm,745856
SHP878ZP5N,Spray Arm,745856
SHP878ZP5N,Altern. Water Dist,751950
SHP878ZP5N,Altern. Water Dist,751950
SHP878ZP5N,Altern. Water Dist,751950
SHP865ZP5N,Altern. Water Dist,751950
SHS863WD5N,Altern. Water Dist,751950
SHP865ZP5N,Altern. Water Dist,751950
SHP878ZP5N,Altern. Water Dist,751950
SHP865ZP5N,Altern. Water Dist,751950
BI36UORH,Shelf Dairy Compartment,7007273
BI36UORH,Shelf Dairy Compartment,7007273
BI36UORH,Shelf Dairy Compartment,7007273
SHS863WD5N,LID,611322
SHS863WD5N,Fixing Kit,170664
SHS863WD5N,Door Outer,772674
SHS863WD5N,Door Outer,772674
SHS863WD5N,Door Outer,772674
SHS863WD5N,Door Outer,772674
SHP865ZP5N,Micro Filter,645038
SHS863WD5N,Micro Filter,645038
SHP865ZP5N,Micro Filter,645038
SHP878ZP5N,Micro Filter,645038
BI36UORH,Water Tube,7027265
BI36UORH,Water Tube,7027265
SHP865ZP5N,Seal-Door,744884
SHP865ZP5N,Seal-Door,744884
SHS863WD5N,Seal-Door,744884
SHP878ZP5N,Seal-Door,744884
SHP865ZP5N,Seal-Door,744884
SHS863WD5N,Seal-Door,744884
SHP865ZP5N,Seal-Door,744884
SHS863WD5N,Seal-Door,744884
SHP865ZP5N,Seal-Door,744884
BI36UORH,Cable,7040315
BI36UORH,Cable,7040315
SHP865ZP5N,Installation Set,10016142
SHP878ZP5N,Screw,617588
SHP878ZP5N,Screw,617588
GFW850SSNWW,LED LIGHT,WH01X29685
GFW850SPNRS,LED LIGHT,WH01X29685
GFW850SPNRS,LED LIGHT,WH01X29685
GFW850SPNRS,LED LIGHT,WH01X29685
GFW650SSNWW,LED LIGHT,WH01X29685
BI36UORH,"Shelf Assy,Door Shallow SVCE (BI-36R,BI-36U)",7007272
GFW650SSNWW,LONG SHIPPING BOLT,WH02X30002
GFW650SSNWW,LONG SHIPPING BOLT,WH02X30002
GFW650SSNWW,SHORT SHIPPING BOLT,WH02X29999
GFW650SSNWW,SHORT SHIPPING BOLT,WH02X29999
GFW850SSNWW,WH22X35517,WH22X34659
GFW650SSNWW,WH22X35517,WH22X34659
GFW650SSNWW,WH22X35517,WH22X34659
GFW650SSNWW,WH22X35517,WH22X34659
GFW850SSNWW,WH22X35517,WH22X34659
GFW850SPNRS,WH22X35517,WH22X34659
GFW650SSNWW,WH22X35517,WH22X34659
GFW850SPNRS,WH22X35517,WH22X34659
GFW850SSNWW,WH22X35517,WH22X34659
GFW650SSNWW,WH22X35517,WH22X34659
GFW850SSNWW,WH22X35517,WH22X34659
GFW650SSNWW,WH22X35517,WH22X34659
GFW850SSNWW,WH22X35517,WH22X34659
BI42UFDO,"BASKET FRZ UPPER",7030918
GFW850SSNWW,Pressure Hose,WH41X29630
GFW650SSNWW,Pressure Hose,WH41X29630
GFW850SSNWW,Pressure Hose,WH41X29630
GFW850SSNWW,Pressure Hose,WH41X29630
GFW650SSNWW,Accelerometer,WH03X33657
GFW650SSNWW,Accelerometer,WH03X33657
GFW850SPNRS,Accelerometer,WH03X33657
GFW650SSNWW,Accelerometer,WH03X33657
GFW850SPNRS,Accelerometer,WH03X33657
GFW650SSNWW,Accelerometer,WH03X33657
GFW650SSNWW,Accelerometer,WH03X33657
GFW850SSNWW,Accelerometer,WH03X33657
GFW850SSNWW,Accelerometer,WH03X33657
GFW850SPNRS,Accelerometer,WH03X33657
GFW850SPNRS,Accelerometer,WH03X33657
SHP878ZP5N,INSULATING RUBBER,11050210
SHP878ZP5N,INSULATING RUBBER,11050210
SHP878ZP5N,INSULATING RUBBER,11050210
SHP878ZP5N,INSULATING RUBBER,11050210
SHP878ZP5N,INSULATING RUBBER,11050210
SHP878ZP5N,INSULATING RUBBER,11050210
SHP878ZP5N,INSULATING RUBBER,11050210
GFW650SSNWW,UI Board,WH22X34918
GFW650SSNWW,UI Board,WH22X34918
GFW650SSNWW,UI Board,WH22X34918
GFW650SSNWW,UI Board,WH22X34918
GFW650SSNWW,UI Board,WH22X34918
GFW650SSNWW,UI Board,WH22X34918
SHS863WD5N,VALVE,10023852
SHP878ZP5N,VALVE,10023852
SHP865ZP5N,VALVE,10023852
SHP878ZP5N,VALVE,10023852
SHP865ZP5N,VALVE,10023852
SHP865ZP5N,VALVE,10023852
SHP865ZP5N,VALVE,10023852
SHP865ZP5N,VALVE,10023852
SHP878ZP5N,VALVE,10023852
SHS863WD5N,handle upper rack,628345
SHP878ZP5N,CABLE HARNESS,12027103
GFW850SSNWW,ui board,WH22X34919
GFW850SPNRS,ui board,WH22X34919
GFW850SSNWW,ui board,WH22X34919
GFW850SSNWW,ui board,WH22X34919
GFW850SPNRS,ui board,WH22X34919
GFW850SPNRS,ui board,WH22X34919
GFW850SSNWW,ui board,WH22X34919
GFW850SSNWW,ui board,WH22X34919
GFW850SPNRS,ui board,WH22X34919
GFW850SPNRS,ui board,WH22X34919
GFW850SPNRS,ui board,WH22X34919
GFW850SSNWW,ui board,WH22X34919
GFW850SSNWW,ui board,WH22X34919
GFW850SSNWW,ui board,WH22X34919
SHP878ZP5N,INSERT,12026937
BI42UFDO,Control Board Assy,7043869
BI42UFDO,Control Board Assy,7043869
BI42UFDO,Control Board Assy,7043869
BI42UFDO,Control Board Assy,7043869
BI42UFDO,Control Board Assy,7043869
BI42UFDO,Control Board Assy,7043869
BI42UFDO,Control Board Assy,7043869
BI42UFDO,Control Board Assy,7043869
BI42UFDO,Control Board Assy,7043869
BI42UFDO,Control Board Assy,7043869
BI42UFDO,Control Board Assy,7043869
BI42UFDO,Control Board Assy,7043869
BI42UFDO,Control Board Assy,7043869
BI42UFDO,Control Board Assy,7043869
BI42UFDO,Control Board Assy,7043869
BI42UFDO,Control Board Assy,7043869
BI42UFDO,Control Board Assy,7043869
BI42UFDO,Control Board Assy,7043869
BI42UFDO,Control Board Assy,7043869
BI42UFDO,Control Board Assy,7043869
BI42UFDO,Control Board Assy,7043869
BI42UFDO,Control Board Assy,7043869
BI42UFDO,Control Board Assy,7043869
BI42UFDO,Control Board Assy,7043869
BI42UFDO,Control Board Assy,7043869
BI42UFDO,Control Board Assy,7043869
BI42UFDO,Control Board Assy,7043869
BI42UFDO,Control Board Assy,7043869
BI42UFDO,Control Board Assy,7043869
BI42UFDO,Control Board Assy,7043869
GFW850SSNWW,UFFL WASHER MODULE 46,WH98R4697903
GFW850SSNWW,OVERNIGHT DRY FAN,WH12X30358
BI42UFDO,"Shelf assy Door Shallow",7015130
BI42UFDO,"Shelf assy Door Shallow",7015130
GFW850SPNRS,UPPER COUNTERWEIGHT,WH02X29636
GFW850SPNRS,UPPER COUNTERWEIGHT,WH02X29636
SHP878ZP5N,Insert,752274
SHP878ZP5N,"Nut threaded ring for zeolite",10024356
SHP878ZP5N,"Nut threaded ring for zeolite",10024356
SHP878ZP5N,"Nut threaded ring for zeolite",10024356
SHP878ZP5N,"Nut threaded ring for zeolite",10024356
SHP878ZP5N,"Nut threaded ring for zeolite",10024356
SHP878ZP5N,"Nut threaded ring for zeolite",10024356
SHP878ZP5N,"Nut threaded ring for zeolite",10024356
SHP878ZP5N,"Nut threaded ring for zeolite",10024356
SHP878ZP5N,"Nut threaded ring for zeolite",10024356
SHP878ZP5N,"Nut threaded ring for zeolite",10024356
SHP878ZP5N,Auxiliary Tool,15000364
GFW650SSNWW,GFCI SERVICE KIT,WH22X34658
GFW650SSNWW,GFCI SERVICE KIT,WH22X34658
GFW850SSNWW,GFCI SERVICE KIT,WH22X34658
GFW850SPNRS,GFCI SERVICE KIT,WH22X34658
SHP865ZP5N,wheel lower rack front bb w/stop,10007412
SHP865ZP5N,wheel lower rack front bb w/stop,10007412
BI36UORH,"TUBE SVCE",7041699
GFW850SPNRS,WH22X36637,WH22X35517
GFW850SSNWW,WH22X36637,WH22X35517
GFW650SSNWW,WH22X36637,WH22X35517
GFW650SSNWW,WH22X36637,WH22X35517
GFW650SSNWW,WH22X36637,WH22X35517
GFW850SPNRS,WH22X36637,WH22X35517
GFW850SSNWW,WH22X36637,WH22X35517
GFW850SSNWW,WH22X36637,WH22X35517
GFW850SPNRS,WH22X36637,WH22X35517
GFW850SSNWW,WH22X36637,WH22X35517
GFW650SSNWW,WH22X36637,WH22X35517
GFW850SPNRS,WH22X36637,WH22X35517
GFW850SSNWW,WH22X36637,WH22X35517
GFW850SSNWW,WH22X36637,WH22X35517
GFW650SSNWW,WH22X36637,WH22X35517
GFW850SPNRS,WH22X36637,WH22X35517
GFW850SSNWW,WH22X36637,WH22X35517
GFW850SSNWW,WH22X36637,WH22X35517
GFW850SPNRS,WH22X36637,WH22X35517
GFW850SSNWW,WH22X36637,WH22X35517
GFW850SPNRS,WH22X36637,WH22X35517
GFW850SPNRS,Selector Knob,WH01X30000
GFW650SSNWW,Latch Cover,WH01X29665
BI48SO,COMMUNICATION CABLE,7043558
GFW650SSNWW,WH22X35837,WH22X34657
GFW850SSNWW,WH22X35837,WH22X34657
SHP878ZP5N,"Container Zeolite w/stud nut tool cover",11047045
SHP878ZP5N,"Container Zeolite w/stud nut tool cover",11047045
SHP878ZP5N,Water Supply Hose Kit,11051476
GFW850SPNRS,WH22X37840,WH22X36637
GFW850SSNWW,WH22X37840,WH22X36637
GFW850SSNWW,WH22X37840,WH22X36637
GFW850SSNWW,WH22X37840,WH22X36637
GFW850SSNWW,WH22X37840,WH22X36637
GFW650SSNWW,WH22X37840,WH22X36637
GFW850SPNRS,WH22X37840,WH22X36637
GFW850SSNWW,WH22X37840,WH22X36637
GFW850SPNRS,WH22X37840,WH22X36637
GFW650SSNWW,WH22X37840,WH22X36637
GFW850SPNRS,WH22X37840,WH22X36637
GFW850SSNWW,WH22X37840,WH22X36637
GFW650SSNWW,WH22X37840,WH22X36637
GFW650SSNWW,WH22X37840,WH22X36637
GFW650SSNWW,WH22X37840,WH22X36637
GFW850SPNRS,WH22X37840,WH22X36637
GFW850SPNRS,WH22X37840,WH22X36637
GFW850SPNRS,WH22X37840,WH22X36637
GFW650SSNWW,WH22X37840,WH22X36637
GFW850SSNWW,WH22X37840,WH22X36637
GFW850SPNRS,WH22X37840,WH22X36637
GFW650SSNWW,WH22X37840,WH22X36637
GFW650SSNWW,WH22X37840,WH22X36637
GFW850SPNRS,WH22X37840,WH22X36637
GFW650SSNWW,WH22X37840,WH22X36637
GFW850SPNRS,WH22X37840,WH22X36637
GFW850SPNRS,WH22X37840,WH22X36637
GFW850SSNWW,WH22X37840,WH22X36637
GFW850SSNWW,WH22X37840,WH22X36637
GFW850SSNWW,WH22X37840,WH22X36637
GFW850SSNWW,WH22X37840,WH22X36637
GFW850SSNWW,WH22X37840,WH22X36637
GFW850SPNRS,WH22X37840,WH22X36637
GFW650SSNWW,WH22X37840,WH22X36637
GFW850SPNRS,WH22X37840,WH22X36637
GFW650SSNWW,WH22X37840,WH22X36637
GFW850SSNWW,WH22X37840,WH22X36637
GFW850SPNRS,WH22X37840,WH22X36637
GFW650SSNWW,WH22X37840,WH22X36637
GFW850SPNRS,WH22X37840,WH22X36637
GFW650SSNWW,WH22X37840,WH22X36637
GFW650SSNWW,WH22X37840,WH22X36637
GFW850SSNWW,WH22X37840,WH22X36637
GFW850SSNWW,WH22X37840,WH22X36637
GFW850SPNRS,WH22X37840,WH22X36637
GFW850SSNWW,WH22X37840,WH22X36637
GFW650SSNWW,WH22X37840,WH22X36637
GFW850SSNWW,WH22X37840,WH22X36637
GFW850SPNRS,Inverter Board,WH22X35837
GFW850SSNWW,Inverter Board,WH22X35837
GFW850SPNRS,Inverter Board,WH22X35837
GFW650SSNWW,Inverter Board,WH22X35837
GFW650SSNWW,Inverter Board,WH22X35837
GFW650SSNWW,Inverter Board,WH22X35837
GFW850SSNWW,Inverter Board,WH22X35837
GFW850SSNWW,Inverter Board,WH22X35837
GFW650SSNWW,Inverter Board,WH22X35837
GFW850SSNWW,Inverter Board,WH22X35837
GFW850SPNRS,Inverter Board,WH22X35837
GFW850SSNWW,Inverter Board,WH22X35837
GFW650SSNWW,Inverter Board,WH22X35837
GFW850SPNRS,Inverter Board,WH22X35837
GFW850SSNWW,Inverter Board,WH22X35837
GFW850SPNRS,Inverter Board,WH22X35837
GFW850SPNRS,Inverter Board,WH22X35837
GFW850SSNWW,Inverter Board,WH22X35837
GFW650SSNWW,Inverter Board,WH22X35837
GFW850SSNWW,Inverter Board,WH22X35837
GFW650SSNWW,Inverter Board,WH22X35837
GFW850SPNRS,Inverter Board,WH22X35837
GFW650SSNWW,Inverter Board,WH22X35837
GFW850SSNWW,Inverter Board,WH22X35837
GFW850SPNRS,Inverter Board,WH22X35837
GFW650SSNWW,Inverter Board,WH22X35837
GFW850SPNRS,Inverter Board,WH22X35837
GFW850SSNWW,Inverter Board,WH22X35837
GFW650SSNWW,Inverter Board,WH22X35837
GFW650SSNWW,Inverter Board,WH22X35837
GFW850SSNWW,Inverter Board,WH22X35837
GFW850SPNRS,Inverter Board,WH22X35837
GFW650SSNWW,Inverter Board,WH22X35837
GFW650SSNWW,Inverter Board,WH22X35837
GFW850SPNRS,Inverter Board,WH22X35837
GFW650SSNWW,Inverter Board,WH22X35837
GFW850SSNWW,Inverter Board,WH22X35837
GFW850SPNRS,Inverter Board,WH22X35837
GFW850SPNRS,Inverter Board,WH22X35837
GFW650SSNWW,Inverter Board,WH22X35837
GFW650SSNWW,Inverter Board,WH22X35837
GFW850SPNRS,Inverter Board,WH22X35837
GFW650SSNWW,Inverter Board,WH22X35837
GFW650SSNWW,Inverter Board,WH22X35837
GFW850SSNWW,Inverter Board,WH22X35837
GFW850SSNWW,Inverter Board,WH22X35837
GFW850SPNRS,Inverter Board,WH22X35837
GFW650SSNWW,Inverter Board,WH22X35837
GFW650SSNWW,Inverter Board,WH22X35837
GFW850SSNWW,Inverter Board,WH22X35837
GFW850SSNWW,Inverter Board,WH22X35837
GFW650SSNWW,Inverter Board,WH22X35837
GFW650SSNWW,Inverter Board,WH22X35837
GFW850SPNRS,Inverter Board,WH22X35837
GFW850SSNWW,Inverter Board,WH22X35837
GFW650SSNWW,Inverter Board,WH22X35837
GFW650SSNWW,Inverter Board,WH22X35837
GFW650SSNWW,Inverter Board,WH22X35837
GFW850SPNRS,Inverter Board,WH22X35837
GFW850SSNWW,Inverter Board,WH22X35837
GFW850SPNRS,Inverter Board,WH22X35837
GFW850SSNWW,Inverter Board,WH22X35837
GFW850SSNWW,Inverter Board,WH22X35837
GFW650SSNWW,Inverter Board,WH22X35837
GFW650SSNWW,Inverter Board,WH22X35837
GFW850SPNRS,Inverter Board,WH22X35837
GFW650SSNWW,Inverter Board,WH22X35837
GFW850SPNRS,Inverter Board,WH22X35837
GFW850SPNRS,Inverter Board,WH22X35837
GFW850SPNRS,Inverter Board,WH22X35837
GFW850SSNWW,Inverter Board,WH22X35837
GFW850SPNRS,Inverter Board,WH22X35837
GFW650SSNWW,Inverter Board,WH22X35837
GFW850SPNRS,Inverter Board,WH22X35837
GFW850SPNRS,Inverter Board,WH22X35837
GFW650SSNWW,Inverter Board,WH22X35837
GFW650SSNWW,Inverter Board,WH22X35837
GFW850SSNWW,Inverter Board,WH22X35837
GFW850SSNWW,Inverter Board,WH22X35837
GFW850SSNWW,Door Latch,WH01X32580
GFW850SPNRS,Door Latch,WH01X32580
GFW850SPNRS,Door Latch,WH01X32580
SHP878ZP5N,Cap,636862
BI36UORH,"Compressor EM3Z60",7040017
SHP865ZP5N,LOCK,10028963
SHP865ZP5N,LOCK,10028963
SHP865ZP5N,LOCK,10028963
SHP878ZP5N,LOCK,10028963
SHP878ZP5N,LOCK,10028963
SHP878ZP5N,LOCK,10028963
SHP865ZP5N,LOCK,10028963
SHP865ZP5N,LOCK,10028963
SHP865ZP5N,LOCK,10028963
SHP865ZP5N,LOCK,10028963
SHP865ZP5N,LOCK,10028963
GFW850SSNWW,HOSE CLAMP,WH01X26320
GFW850SSNWW,HOSE CLAMP,WH01X26320
GFW650SSNWW,HOSE CLAMP,WH01X26320
GFW850SSNWW,HOSE CLAMP,WH01X26320
GFW850SPNRS,HOSE CLAMP,WH01X26320
GFW850SSNWW,HOSE CLAMP,WH01X26320
GFW850SSNWW,HOSE CLAMP,WH01X26320
GFW850SPNRS,TOP PANEL FL WASHER 850 SAPPHIRE BLUE,WH13X30351
GFW850SPNRS,PEDESTAL FRONT PANEL SAPPHIRE BLUE,WH13X30242
GFW850SSNWW,"Drain Pump Access Door White",WH11X29629
GFW850SSNWW,TOP COVER WHITE,WH13X29520
GFW850SSNWW,LEFT SPRING SHEATH,WH02X29668
GFW850SSNWW,RIGHT SPRING SHEATH,WH02X29640
GFW850SSNWW,POWER CORD,WH08X29508
GFW850SPNRS,Lower Front Counterweight,WH01X29648
SHP878ZP5N,"Cover Zeolite fill tube shield / cover",10027073
SHP878ZP5N,"Cover Zeolite fill tube shield / cover",10027073
GFW850SPNRS,Clamp,WH01X27149
GFW850SSNWW,Clamp,WH01X27149
GFW850SPNRS,Clamp,WH01X27149
GFW650SSNWW,Clamp,WH01X27149
GFW650SSNWW,Clamp,WH01X27149
GFW650SSNWW,Main Control Board,WH22X37840
GFW650SSNWW,Main Control Board,WH22X37840
GFW650SSNWW,Main Control Board,WH22X37840
GFW850SPNRS,Main Control Board,WH22X37840
GFW650SSNWW,Main Control Board,WH22X37840
GFW650SSNWW,Main Control Board,WH22X37840
GFW650SSNWW,Main Control Board,WH22X37840
GFW850SSNWW,Main Control Board,WH22X37840
GFW850SPNRS,Main Control Board,WH22X37840
GFW850SPNRS,Main Control Board,WH22X37840
GFW650SSNWW,Main Control Board,WH22X37840
GFW850SSNWW,Main Control Board,WH22X37840
GFW650SSNWW,Main Control Board,WH22X37840
GFW850SPNRS,Main Control Board,WH22X37840
GFW850SSNWW,Main Control Board,WH22X37840
GFW850SSNWW,Main Control Board,WH22X37840
GFW650SSNWW,Main Control Board,WH22X37840
GFW850SSNWW,Main Control Board,WH22X37840
GFW850SSNWW,Main Control Board,WH22X37840
GFW850SSNWW,Main Control Board,WH22X37840
GFW650SSNWW,Main Control Board,WH22X37840
GFW850SSNWW,Main Control Board,WH22X37840
GFW850SPNRS,Main Control Board,WH22X37840
GFW850SPNRS,Main Control Board,WH22X37840
GFW850SPNRS,Main Control Board,WH22X37840
GFW650SSNWW,Main Control Board,WH22X37840
GFW850SPNRS,Main Control Board,WH22X37840
GFW850SPNRS,Main Control Board,WH22X37840
GFW850SPNRS,Main Control Board,WH22X37840
GFW850SPNRS,Main Control Board,WH22X37840
GFW850SSNWW,Main Control Board,WH22X37840
GFW850SPNRS,Main Control Board,WH22X37840
GFW650SSNWW,Main Control Board,WH22X37840
GFW850SPNRS,Main Control Board,WH22X37840
GFW850SPNRS,Main Control Board,WH22X37840
GFW850SSNWW,Main Control Board,WH22X37840
GFW850SSNWW,Main Control Board,WH22X37840
GFW650SSNWW,Main Control Board,WH22X37840
GFW650SSNWW,Main Control Board,WH22X37840
GFW650SSNWW,Main Control Board,WH22X37840
GFW850SSNWW,Main Control Board,WH22X37840
GFW650SSNWW,Main Control Board,WH22X37840
GFW650SSNWW,Main Control Board,WH22X37840
GFW850SSNWW,Main Control Board,WH22X37840
GFW650SSNWW,Main Control Board,WH22X37840
GFW850SSNWW,Main Control Board,WH22X37840
GFW850SSNWW,Main Control Board,WH22X37840
GFW850SSNWW,Main Control Board,WH22X37840
GFW850SSNWW,Main Control Board,WH22X37840
GFW650SSNWW,HEATER BRACKET,WH13X29684
GFW650SSNWW,PUMP FILTER WITH SEAL,WH23X38617
BI48SO,"DOOR,BI-48S REF F/O SVCE",7005422
GFW850SSNWW,USER INTERFACE BOARD FL WASHER 850,WH22X34940
GFW650SSNWW,INVERTER BOARD FL WASHER,WH22X38837
GFW650SSNWW,INVERTER BOARD FL WASHER,WH22X38837
GFW650SSNWW,INVERTER BOARD FL WASHER,WH22X38837